player,year,Team,cap number,Cash.Spent,Rank,ATT,YDS,Y.A,LG,X20.,TD,REC,TGT,YDS.1,Y.R,TD.1,FL,G,FPTS,FPTS.G,ROST,cap number_paired,age
Aaron Jones,2020,Packers,"$2,182,002",2133000.0,5,201,1104,5.5,77,6,9,47,63,355,7.6,2,0,14,211.9,15.1,96.7%,"$2,182,002",25.0
Aaron Jones,2021,Packers,"$4,464,706",14250000.0,13,171,799,4.7,57,5,4,52,65,391,7.5,6,1,15,177.0,11.8,96.7%,"$4,464,706",26.0
Aaron Jones,2022,Packers,"$5,948,000",5750000.0,11,213,1121,5.3,36,6,2,59,72,395,6.7,5,3,17,189.6,11.2,96.7%,"$5,948,000",27.0
Aaron Jones,2023,Packers,"$8,197,000",10682353.0,36,142,656,4.6,39,3,2,30,43,233,7.8,1,1,11,104.9,9.5,96.7%,"$8,197,000",28.0
Alexander Mattison,2020,Vikings,"$880,545",675000.0,50,96,434,4.5,25,4,2,13,15,125,9.6,1,0,13,73.9,5.7,57.3%,"$880,545",22.0
Alexander Mattison,2021,Vikings,"$1,055,545",850000.0,40,134,491,3.7,48,2,3,32,39,228,7.1,1,1,16,93.9,5.9,57.3%,"$1,055,545",23.0
Alexander Mattison,2022,Vikings,"$1,170,545",965000.0,51,74,283,3.8,15,0,5,15,18,91,6.1,1,0,17,73.4,4.3,57.3%,"$1,170,545",24.0
Alexander Mattison,2023,Vikings,"$2,400,000",3650000.0,38,180,700,3.9,21,1,0,30,44,192,6.4,3,2,16,103.2,6.5,57.3%,"$2,400,000",25.0
Alvin Kamara,2021,Saints,"$5,000,000",2000000.0,9,240,898,3.7,30,3,4,47,67,439,9.3,5,0,13,187.7,14.4,99.2%,"$5,000,000",26.0
Alvin Kamara,2022,Saints,"$6,128,000",11500000.0,18,223,897,4.0,27,3,2,57,77,490,8.6,2,4,15,154.7,10.3,99.2%,"$6,128,000",27.0
Alvin Kamara,2023,Saints,"$7,977,000",10820000.0,24,180,694,3.9,17,0,5,75,86,466,6.2,1,0,13,158.0,12.2,99.2%,"$7,977,000",28.0
Ameer Abdullah,2020,Vikings,"$887,500",1047500.0,92,8,42,5.3,13,0,0,8,9,58,7.3,2,0,16,22.0,1.4,0.9%,"$887,500",27.0
Ameer Abdullah,2021,Panthers,"$566,667",660000.0,66,51,166,3.3,15,0,0,38,53,289,7.6,1,0,17,51.5,3.0,0.9%,"$566,667",28.0
Ameer Abdullah,2022,Raiders,"$1,047,500",1187500.0,81,4,20,5.0,7,0,0,25,32,211,8.4,1,0,16,29.1,1.8,0.9%,"$1,047,500",29.0
Ameer Abdullah,2023,Raiders,"$1,750,000",1750000.0,84,15,89,5.9,12,0,0,19,24,131,6.9,0,0,17,22.0,1.3,0.9%,"$1,750,000",30.0
Antonio Gibson,2020,Commanders,"$896,843",1757372.0,14,170,795,4.7,40,5,11,36,44,247,6.9,0,2,14,166.2,11.9,25.2%,"$896,843",22.0
Antonio Gibson,2021,Commanders,"$1,121,054",834211.0,10,258,1037,4.0,27,4,7,42,52,294,7.0,3,4,16,187.1,11.7,25.2%,"$1,121,054",23.0
Antonio Gibson,2022,Commanders,"$1,345,265",1058422.0,35,149,546,3.7,20,1,3,46,58,353,7.7,2,0,15,119.9,8.0,25.2%,"$1,345,265",24.0
Antonio Gibson,2023,Commanders,"$3,029,843",2743000.0,45,65,265,4.1,16,0,1,48,59,389,8.1,2,2,16,79.4,5.0,25.2%,"$3,029,843",25.0
Austin Ekeler,2020,Chargers,"$5,000,000",9500000.0,35,116,530,4.6,27,2,1,54,65,403,7.5,2,0,10,111.3,11.1,78.9%,"$5,000,000",25.0
Austin Ekeler,2021,Chargers,"$5,750,000",4250000.0,2,206,911,4.4,28,3,12,70,94,647,9.2,8,3,16,273.8,17.1,78.9%,"$5,750,000",26.0
Austin Ekeler,2022,Chargers,"$7,000,000",5500000.0,4,204,915,4.5,72,4,13,107,127,722,6.7,5,3,17,265.7,15.6,78.9%,"$7,000,000",27.0
Austin Ekeler,2023,Chargers,"$7,750,000",6250000.0,31,179,628,3.5,55,3,5,51,74,436,8.5,1,4,14,134.4,9.6,78.9%,"$7,750,000",28.0
Bijan Robinson,2023,Falcons,"$3,992,462",13719848.0,12,214,976,4.6,38,7,4,58,86,487,8.4,4,3,17,188.3,11.1,99.8%,"$3,992,462",21.0
Boston Scott,2020,Eagles,"$750,000",750000.0,52,80,374,4.7,56,2,1,25,36,212,8.5,1,0,16,70.6,4.4,0.0%,"$750,000",25.0
Boston Scott,2021,Eagles,"$920,000",920000.0,47,87,373,4.3,23,2,7,13,16,83,6.4,0,1,11,85.6,7.8,0.0%,"$920,000",26.0
Boston Scott,2022,Eagles,"$1,750,000",1750000.0,68,54,217,4.0,21,1,3,5,6,15,3.0,0,0,15,41.2,2.7,0.0%,"$1,750,000",27.0
Boston Scott,2023,Eagles,"$1,212,360",1982353.0,96,20,86,4.3,18,0,0,4,6,52,13.0,0,1,12,11.8,1.0,0.0%,"$1,212,360",28.0
Brandon Bolden,2021,Patriots,"$2,000,000",2000000.0,51,44,226,5.1,24,2,1,41,49,405,9.9,2,0,16,83.1,5.2,0.0%,"$2,000,000",31.0
Brandon Bolden,2022,Raiders,"$2,130,000",2737500.0,97,17,66,3.9,12,0,0,10,10,62,6.2,1,0,12,18.8,1.6,0.0%,"$2,130,000",32.0
Brandon Bolden,2023,Raiders,"$2,880,000",2255000.0,98,4,31,7.8,26,1,1,0,0,0,0.0,0,0,5,11.1,2.2,0.0%,"$2,880,000",33.0
Breece Hall,2022,Jets,"$1,639,049",4441196.0,40,80,463,5.8,62,3,4,19,31,218,11.5,1,1,7,96.1,13.7,99.7%,"$1,639,049",21.0
Breece Hall,2023,Jets,"$2,048,811",1114762.0,7,223,994,4.5,83,7,5,76,95,591,7.8,4,0,17,214.5,12.6,99.7%,"$2,048,811",22.0
Brian Robinson Jr.,2022,Commanders,"$856,144",1492909.0,39,205,797,3.9,24,2,2,9,12,60,6.7,1,0,12,103.7,8.6,91.4%,"$856,144",23.0
Brian Robinson Jr.,2023,Commanders,"$1,146,569",934314.0,22,178,733,4.1,29,4,5,36,43,368,10.2,4,2,15,162.1,10.8,91.4%,"$1,146,569",24.0
Caleb Huntley,2022,Falcons,"$502,500",502500.0,67,76,366,4.8,30,2,1,2,2,3,1.5,0,0,12,42.9,3.6,0.0%,"$502,500",24.0
Cam Akers,2020,Rams,"$1,122,371",2659484.0,42,145,625,4.3,61,4,2,11,14,123,11.2,1,1,12,90.8,7.6,20.7%,"$1,122,371",21.0
Cam Akers,2021,Rams,"$1,402,964",890593.0,153,5,3,0.6,2,0,0,3,3,10,3.3,0,0,2,1.3,0.7,20.7%,"$1,402,964",22.0
Cam Akers,2022,Rams,"$1,683,557",1171186.0,31,188,786,4.2,42,3,7,13,18,117,9.0,0,2,15,128.3,8.6,20.7%,"$1,683,557",23.0
Cam Akers,2023,Vikings,"$1,290,470",1290470.0,68,60,167,2.8,19,0,2,11,12,70,6.4,0,0,7,35.7,5.1,20.7%,"$1,290,470",24.0
Chase Brown,2023,Bengals,"$754,873",969490.0,65,44,179,4.1,31,2,0,14,15,156,11.1,1,0,12,39.5,3.3,74.4%,"$754,873",23.0
Chase Edmonds,2020,Cardinals,"$863,089",750000.0,30,97,448,4.6,32,4,1,53,67,402,7.6,4,0,16,115.0,7.2,0.1%,"$863,089",24.0
Chase Edmonds,2021,Cardinals,"$1,033,089",920000.0,37,116,592,5.1,54,3,2,43,53,311,7.2,0,1,12,100.3,8.4,0.1%,"$1,033,089",25.0
Chase Edmonds,2022,Broncos,"$1,111,111",1111111.0,57,68,245,3.6,28,3,2,16,24,157,9.8,1,0,13,58.2,4.5,0.1%,"$1,111,111",26.0
Chase Edmonds,2023,Buccaneers,"$1,092,500",1232500.0,76,49,176,3.6,21,1,0,14,17,81,5.8,0,0,13,25.7,2.0,0.1%,"$1,092,500",27.0
Chris Evans,2021,Bengals,"$703,222",832888.0,83,17,77,4.5,13,0,0,15,17,151,10.1,2,0,9,34.8,3.9,0.0%,"$703,222",24.0
Chris Evans,2022,Bengals,"$868,222",825000.0,114,0,0,0.0,0,0,0,3,4,38,12.7,1,0,10,9.8,1.0,0.0%,"$868,222",25.0
Chris Evans,2023,Bengals,"$983,222",940000.0,138,2,12,6.0,7,0,0,1,1,-1,-1.0,0,0,7,1.1,0.2,0.0%,"$983,222",26.0
Chris Rodriguez Jr.,2023,Commanders,"$761,090",894359.0,67,51,247,4.8,16,0,2,2,2,12,6.0,0,1,11,35.9,3.3,0.1%,"$761,090",24.0
Christian McCaffrey,2020,Panthers,"$7,794,782",22325000.0,51,59,225,3.8,15,0,5,17,19,149,8.8,1,0,3,73.4,24.5,98.8%,"$7,794,782",24.0
Christian McCaffrey,2021,Panthers,"$6,899,500",8237500.0,44,99,442,4.5,18,0,1,37,41,343,9.3,1,0,7,90.5,12.9,98.8%,"$6,899,500",25.0
Christian McCaffrey,2022,49ers,"$690,000",690000.0,2,244,1139,4.7,49,9,8,85,108,741,8.7,5,0,17,271.4,16.0,98.8%,"$690,000",26.0
Christian McCaffrey,2023,49ers,"$3,424,000",12000000.0,1,272,1459,5.4,72,9,14,67,83,564,8.4,7,2,16,324.3,20.3,98.8%,"$3,424,000",27.0
Chuba Hubbard,2021,Panthers,"$838,293",1373172.0,33,172,612,3.6,26,3,5,25,37,174,7.0,1,1,16,112.6,7.0,90.4%,"$838,293",22.0
Chuba Hubbard,2022,Panthers,"$1,003,293",825000.0,50,95,466,4.9,35,3,2,14,17,171,12.2,0,1,14,73.7,5.3,90.4%,"$1,003,293",23.0
Chuba Hubbard,2023,Panthers,"$1,118,293",940000.0,26,238,902,3.8,22,4,5,39,44,233,6.0,0,0,17,143.5,8.4,90.4%,"$1,118,293",24.0
Clyde Edwards-Helaire,2020,Chiefs,"$1,967,559",6040236.0,22,181,803,4.4,31,3,4,36,54,297,8.3,1,0,13,140.0,10.8,5.2%,"$1,967,559",21.0
Clyde Edwards-Helaire,2021,Chiefs,"$2,459,449",1101890.0,38,119,517,4.3,17,0,4,19,23,118,6.2,2,2,10,97.5,9.8,5.2%,"$2,459,449",22.0
Clyde Edwards-Helaire,2022,Chiefs,"$2,951,339",1593780.0,46,71,302,4.3,52,2,3,17,23,151,8.9,3,0,10,81.3,8.1,5.2%,"$2,951,339",23.0
Clyde Edwards-Helaire,2023,Chiefs,"$3,443,229",2085670.0,59,70,223,3.2,20,1,1,17,22,188,11.1,1,0,15,53.1,3.5,5.2%,"$3,443,229",24.0
Cordarrelle Patterson,2022,Falcons,"$2,500,000",6250000.0,30,144,695,4.8,40,4,8,21,31,122,5.8,0,1,13,133.7,10.3,1.1%,"$2,500,000",31.0
Cordarrelle Patterson,2023,Falcons,"$5,500,000",4250000.0,73,50,181,3.6,18,0,0,9,12,38,4.2,1,0,14,27.9,2.0,1.1%,"$5,500,000",32.0
Corey Clement,2020,Eagles,"$825,000",825000.0,103,21,75,3.6,7,0,1,5,6,25,5.0,0,0,15,16.0,1.1,0.0%,"$825,000",26.0
Corey Clement,2021,Cowboys,"$850,000",990000.0,96,33,140,4.2,38,1,0,6,7,29,4.8,1,0,11,22.9,2.1,0.0%,"$850,000",27.0
Corey Clement,2022,Cardinals,"$397,778",1035000.0,100,15,55,3.7,12,0,1,5,7,54,10.8,0,0,5,16.9,3.4,0.0%,"$397,778",28.0
Corey Clement,2023,Cardinals,"$398,166",421500.0,163,0,0,0.0,0,0,0,0,0,0,0.0,0,0,2,0.0,0.0,0.0%,"$398,166",29.0
Craig Reynolds,2020,Jaguars,"$64,906",64906.0,154,1,4,4.0,4,0,0,1,1,3,3.0,0,0,2,0.7,0.4,0.2%,"$64,906",24.0
Craig Reynolds,2021,Lions,"$141,667",141667.0,89,55,230,4.2,35,2,0,7,8,52,7.4,0,0,5,28.2,5.6,0.2%,"$141,667",25.0
Craig Reynolds,2022,Lions,"$937,222",937222.0,89,23,102,4.4,21,1,0,9,10,116,12.9,0,0,7,21.8,3.1,0.2%,"$937,222",26.0
Craig Reynolds,2023,Lions,"$940,000",1080000.0,81,41,179,4.4,19,0,1,5,5,47,9.4,0,2,15,24.6,1.6,0.2%,"$940,000",27.0
D'Andre Swift,2020,Lions,"$1,552,530",4380120.0,20,114,521,4.6,54,1,8,46,57,357,7.8,2,2,13,143.8,11.1,93.2%,"$1,552,530",21.0
D'Andre Swift,2021,Lions,"$1,940,663",998133.0,23,151,617,4.1,57,3,5,62,78,452,7.3,2,1,13,146.9,11.3,93.2%,"$1,940,663",22.0
D'Andre Swift,2022,Lions,"$2,328,796",1386266.0,23,99,542,5.5,50,3,5,48,70,389,8.1,3,0,14,143.1,10.2,93.2%,"$2,328,796",23.0
D'Andre Swift,2023,Eagles,"$1,774,399",1774399.0,23,229,1049,4.6,43,6,5,39,49,214,5.5,1,1,16,160.3,10.0,93.2%,"$1,774,399",24.0
D'Ernest Johnson,2020,Browns,"$675,000",675000.0,97,33,166,5.0,28,3,0,3,4,14,4.7,0,0,16,18.0,1.1,5.2%,"$675,000",24.0
D'Ernest Johnson,2021,Browns,"$850,000",850000.0,48,100,534,5.3,30,4,3,19,25,137,7.2,0,0,13,85.1,6.5,5.2%,"$850,000",25.0
D'Ernest Johnson,2022,Browns,"$1,216,500",1216500.0,140,4,17,4.3,7,0,0,3,3,7,2.3,0,0,10,2.4,0.2,5.2%,"$1,216,500",26.0
D'Ernest Johnson,2023,Jaguars,"$1,092,500",1232500.0,80,41,108,2.6,19,0,0,10,12,140,14.0,0,0,17,24.8,1.5,5.2%,"$1,092,500",27.0
D'Onta Foreman,2020,Titans,"$209,529",209529.0,102,22,95,4.3,15,0,0,1,1,5,5.0,1,0,6,16.0,2.7,5.8%,"$209,529",24.0
D'Onta Foreman,2020,Titans,"$209,529",209529.0,102,22,95,4.3,15,0,0,1,1,5,5.0,1,0,6,16.0,2.7,5.8%,"$397,059",24.0
D'Onta Foreman,2020,Titans,"$397,059",481765.0,102,22,95,4.3,15,0,0,1,1,5,5.0,1,0,6,16.0,2.7,5.8%,"$209,529",24.0
D'Onta Foreman,2020,Titans,"$397,059",481765.0,102,22,95,4.3,15,0,0,1,1,5,5.0,1,0,6,16.0,2.7,5.8%,"$397,059",24.0
D'Onta Foreman,2021,Titans,"$511,111",511111.0,50,133,566,4.3,35,4,3,9,11,123,13.7,0,1,9,84.9,9.4,5.8%,"$511,111",25.0
D'Onta Foreman,2022,Panthers,"$2,000,000",2000000.0,33,203,914,4.5,60,8,5,5,9,26,5.2,0,0,16,126.0,7.9,5.8%,"$2,000,000",26.0
D'Onta Foreman,2023,Bears,"$2,000,000",2000000.0,43,109,425,3.9,22,1,4,11,16,77,7.0,1,0,9,80.2,8.9,5.8%,"$2,000,000",27.0
Dalvin Cook,2020,Vikings,"$4,616,419",16331361.0,3,312,1557,5.0,70,6,16,44,54,361,8.2,1,3,14,293.8,21.0,9.4%,"$4,616,419",25.0
Dalvin Cook,2021,Vikings,"$5,113,037",2100000.0,15,249,1159,4.7,66,9,6,34,49,224,6.6,0,2,13,172.3,13.3,9.4%,"$5,113,037",26.0
Dalvin Cook,2022,Vikings,"$12,001,272",8900000.0,9,264,1173,4.4,81,5,8,39,56,295,7.6,2,4,17,198.8,11.7,9.4%,"$12,001,272",27.0
Dalvin Cook,2023,Ravens,$0,0.0,78,67,214,3.2,14,0,0,15,20,78,5.2,0,2,15,25.2,1.7,9.4%,$0,28.0
Dameon Pierce,2022,Texans,"$847,747",1459321.0,29,220,939,4.3,75,7,4,30,39,165,5.5,1,2,13,136.4,10.5,5.2%,"$847,747",22.0
Dameon Pierce,2023,Texans,"$1,098,858",895000.0,50,145,416,2.9,22,1,2,13,17,101,7.8,0,0,14,69.7,5.0,5.2%,"$1,098,858",23.0
Dare Ogunbowale,2020,Jaguars,"$675,000",675000.0,95,32,145,4.5,25,1,0,10,20,54,5.4,0,0,14,19.9,1.4,1.1%,"$675,000",26.0
Dare Ogunbowale,2021,Jaguars,"$850,000",850000.0,80,43,137,3.2,12,0,1,13,21,114,8.8,1,0,13,37.1,2.9,1.1%,"$850,000",27.0
Dare Ogunbowale,2022,Texans,"$1,450,000",1600000.0,83,42,123,2.9,11,0,1,20,26,104,5.2,0,0,15,28.7,1.9,1.1%,"$1,450,000",28.0
Dare Ogunbowale,2023,Texans,"$1,550,000",1341176.0,108,8,35,4.4,17,0,0,2,7,18,9.0,0,0,10,8.3,0.8,1.1%,"$1,550,000",29.0
Darrel Williams,2020,Chiefs,"$755,000",750000.0,79,39,169,4.3,13,0,1,18,26,116,6.4,0,0,16,36.5,2.3,0.0%,"$755,000",25.0
Darrel Williams,2021,Chiefs,"$1,594,118",1600000.0,22,144,558,3.9,21,1,6,47,57,452,9.6,2,0,17,149.0,8.8,0.0%,"$1,594,118",26.0
Darrel Williams,2022,Cardinals,"$1,047,500",1187500.0,99,21,102,4.9,30,1,1,4,8,9,2.3,0,0,5,17.1,3.4,0.0%,"$1,047,500",27.0
Darrynton Evans,2020,Titans,"$730,592",1388840.0,108,14,54,3.9,9,0,0,2,4,27,13.5,1,0,5,14.1,2.8,0.0%,"$730,592",22.0
Darrynton Evans,2021,Titans,"$1,036,770",817354.0,148,2,7,3.5,5,0,0,2,2,11,5.5,0,0,2,1.8,0.9,0.0%,"$1,036,770",23.0
Darrynton Evans,2022,Bears,"$348,056",348056.0,115,14,64,4.6,21,1,0,1,1,33,33.0,0,0,3,9.7,3.2,0.0%,"$348,056",24.0
Darrynton Evans,2023,Dolphins,"$164,444",164444.0,83,32,121,3.8,13,0,1,7,12,49,7.0,0,0,6,23.0,3.8,0.0%,"$164,444",25.0
David Montgomery,2020,Bears,"$945,681",684136.0,6,247,1070,4.3,80,5,8,54,68,438,8.1,2,1,15,210.8,14.1,95.7%,"$945,681",23.0
David Montgomery,2021,Bears,"$1,111,577",850032.0,20,225,849,3.8,41,5,7,42,51,301,7.2,0,1,14,154.0,11.0,95.7%,"$1,111,577",24.0
David Montgomery,2022,Bears,"$3,051,545",2790000.0,21,201,801,4.0,28,2,5,34,40,316,9.3,1,2,16,143.7,9.0,95.7%,"$3,051,545",25.0
David Montgomery,2023,Lions,"$2,845,588",6161765.0,9,219,1015,4.6,75,4,13,16,24,117,7.3,0,1,14,191.2,13.7,95.7%,"$2,845,588",26.0
DeeJay Dallas,2020,Seahawks,"$733,600",1104400.0,75,34,108,3.2,13,0,2,17,20,111,6.5,1,0,12,39.9,3.3,0.1%,"$733,600",22.0
DeeJay Dallas,2021,Seahawks,"$903,600",780000.0,79,33,138,4.2,15,0,2,21,23,133,6.3,0,0,17,39.1,2.3,0.1%,"$903,600",23.0
DeeJay Dallas,2022,Seahawks,"$1,018,600",895000.0,79,35,186,5.3,27,1,0,17,19,126,7.4,0,0,15,30.2,2.0,0.1%,"$1,018,600",24.0
DeeJay Dallas,2023,Seahawks,"$1,133,600",1010000.0,125,10,36,3.6,8,0,0,6,9,26,4.3,0,2,17,2.2,0.1,0.1%,"$1,133,600",25.0
Deon Jackson,2021,Colts,"$366,667",366667.0,122,13,31,2.4,10,0,1,0,0,0,0.0,0,0,5,9.1,1.8,0.0%,"$366,667",22.0
Deon Jackson,2022,Colts,"$825,000",825000.0,60,68,236,3.5,17,0,1,30,34,209,7.0,1,1,12,54.5,4.5,0.0%,"$825,000",23.0
Deon Jackson,2023,Giants,"$84,000",84000.0,172,14,16,1.1,7,0,0,5,6,14,2.8,0,2,2,-1.0,-0.5,0.0%,"$84,000",24.0
Derrick Gore,2021,Chiefs,"$476,667",476667.0,68,51,256,5.0,51,2,2,8,9,105,13.1,0,0,8,48.1,6.0,0.0%,"$476,667",26.0
Derrick Gore,2023,Commanders,"$145,000",145000.0,124,3,26,8.7,23,1,0,0,0,0,0.0,0,0,5,2.6,0.5,0.0%,"$145,000",28.0
Derrick Henry,2020,Titans,"$6,000,000",15000000.0,1,378,2027,5.4,94,16,17,19,31,114,6.0,0,2,16,314.1,19.6,99.7%,"$6,000,000",26.0
Derrick Henry,2021,Titans,"$13,500,000",10500000.0,14,219,937,4.3,76,3,10,18,20,154,8.6,0,0,8,175.3,21.9,99.7%,"$13,500,000",27.0
Derrick Henry,2022,Titans,"$9,367,647",15441176.0,3,349,1538,4.4,56,10,13,33,41,398,12.1,0,3,16,269.8,16.9,99.7%,"$9,367,647",28.0
Derrick Henry,2023,Titans,"$16,367,647",10500000.0,5,280,1167,4.2,69,5,12,28,36,214,7.6,0,0,17,218.7,12.9,99.7%,"$16,367,647",29.0
Deuce Vaughn,2023,Cowboys,"$766,666",866665.0,109,23,40,1.7,13,0,0,7,7,40,5.7,0,0,7,8.0,1.1,1.2%,"$766,666",22.0
Devin Singletary,2020,Bills,"$933,956",675000.0,37,156,687,4.4,51,3,2,38,50,269,7.1,0,1,16,105.6,6.6,63.7%,"$933,956",23.0
Devin Singletary,2021,Bills,"$1,108,956",850000.0,19,188,870,4.6,46,6,7,40,50,228,5.7,1,0,17,157.8,9.3,63.7%,"$1,108,956",24.0
Devin Singletary,2022,Bills,"$2,798,956",2540000.0,25,178,822,4.6,33,5,5,38,52,280,7.4,1,3,17,140.2,8.2,63.7%,"$2,798,956",25.0
Devin Singletary,2023,Texans,"$3,125,000",3125000.0,29,216,898,4.2,24,3,4,30,38,193,6.4,0,0,17,137.3,8.1,63.7%,"$3,125,000",26.0
Dontrell Hilliard,2020,Texans,"$132,353",132353.0,133,9,48,5.3,19,0,0,1,1,2,2.0,0,0,7,5.0,0.7,0.0%,"$132,353",25.0
Dontrell Hilliard,2021,Titans,"$357,778",357778.0,65,56,350,6.3,68,2,2,19,26,87,4.6,0,1,8,53.7,6.7,0.0%,"$357,778",26.0
Dontrell Hilliard,2022,Titans,"$955,278",1075278.0,59,22,145,6.6,30,2,0,21,26,177,8.4,4,0,12,56.2,4.7,0.0%,"$955,278",27.0
Elijah Mitchell,2021,49ers,"$705,893",843572.0,24,207,963,4.7,39,6,5,19,20,137,7.2,1,0,12,146.0,12.2,2.0%,"$705,893",23.0
Elijah Mitchell,2022,49ers,"$603,672",557779.0,69,45,279,6.2,37,1,2,3,4,7,2.3,0,0,5,40.6,8.1,2.0%,"$603,672",24.0
Elijah Mitchell,2023,49ers,"$985,893",940000.0,64,75,281,3.7,18,0,2,6,8,14,2.3,0,0,11,41.5,3.8,2.0%,"$985,893",25.0
Emanuel Wilson,2023,Packers,"$650,000",650000.0,101,14,85,6.1,31,1,0,4,5,23,5.8,0,0,7,10.8,1.5,5.7%,"$650,000",24.0
Emari Demercado,2023,Cardinals,"$755,000",765000.0,60,58,284,4.9,49,1,2,21,30,119,5.7,0,0,14,52.3,3.7,0.7%,"$755,000",24.0
Eno Benjamin,2021,Cardinals,"$805,679",780000.0,98,34,118,3.5,21,1,1,6,7,42,7.0,0,0,8,22.0,2.8,0.0%,"$805,679",22.0
Eno Benjamin,2022,Saints,"$198,889",198889.0,54,77,313,4.1,45,1,2,25,34,193,7.7,0,0,13,64.6,5.0,0.0%,"$198,889",23.0
Eric Gray,2023,Giants,"$744,579",928314.0,111,17,48,2.8,12,0,0,6,7,22,3.7,0,0,14,7.0,0.5,1.4%,"$744,579",24.0
Evan Hull,2023,Colts,"$527,912",711647.0,140,1,1,1.0,1,0,0,1,1,6,6.0,0,0,1,0.7,0.7,0.6%,"$527,912",23.0
Ezekiel Elliott,2020,Cowboys,"$10,900,000",19800000.0,11,244,979,4.0,31,3,6,52,71,338,6.5,2,5,15,171.7,11.4,40.2%,"$10,900,000",25.0
Ezekiel Elliott,2021,Cowboys,"$6,820,000",9600000.0,6,237,1002,4.2,47,3,10,47,65,287,6.1,2,1,17,205.1,12.1,40.2%,"$6,820,000",26.0
Ezekiel Elliott,2022,Cowboys,"$18,220,000",12400000.0,17,231,876,3.8,27,5,12,17,23,92,5.4,0,0,15,168.8,11.3,40.2%,"$18,220,000",27.0
Ezekiel Elliott,2023,Patriots,"$3,000,000",3300000.0,33,184,642,3.5,17,0,3,51,65,313,6.1,2,1,17,123.5,7.3,40.2%,"$3,000,000",28.0
Gary Brightwell,2021,Giants,"$677,496",811650.0,158,1,4,4.0,4,0,0,1,1,6,6.0,0,0,7,1.0,0.1,0.0%,"$677,496",23.0
Gary Brightwell,2022,Giants,"$869,718",825000.0,87,31,141,4.5,25,1,1,5,8,39,7.8,0,0,15,24.0,1.6,0.0%,"$869,718",24.0
Gary Brightwell,2023,Giants,"$984,718",940000.0,112,9,19,2.1,5,0,0,5,7,47,9.4,0,0,4,6.6,1.7,0.0%,"$984,718",25.0
Gerrid Doaks,2021,Dolphins,"$165,600",165600.0,177,0,0,0.0,0,0,0,0,0,0,0.0,0,0,4,0.0,0.0,0.0%,"$165,600",23.0
Gus Edwards,2020,Ravens,"$750,000",750000.0,28,144,723,5.0,36,8,6,9,13,129,14.3,0,1,16,119.2,7.5,19.0%,"$750,000",25.0
Gus Edwards,2022,Ravens,"$4,500,000",3250000.0,56,87,433,5.0,37,3,3,0,2,0,0.0,0,1,9,59.3,6.6,19.0%,"$4,500,000",27.0
Gus Edwards,2023,Ravens,"$2,794,000",4484000.0,14,198,810,4.1,42,6,13,12,13,180,15.0,0,2,17,175.0,10.3,19.0%,"$2,794,000",28.0
Hassan Haskins,2022,Titans,"$878,052",1397208.0,105,25,93,3.7,12,0,0,11,12,57,5.2,0,0,14,15.0,1.1,0.0%,"$878,052",22.0
Isaiah Spiller,2022,Chargers,"$889,238",1441952.0,127,18,41,2.3,11,0,0,3,3,13,4.3,0,0,5,5.4,1.1,0.0%,"$889,238",21.0
Isaiah Spiller,2023,Chargers,"$1,054,238",870000.0,93,37,96,2.6,8,0,0,6,6,34,5.7,0,0,9,13.0,1.4,0.0%,"$1,054,238",22.0
Isiah Pacheco,2022,Chiefs,"$724,777",784108.0,34,170,830,4.9,31,3,5,13,14,130,10.0,0,2,17,122.0,7.2,91.5%,"$724,777",23.0
Isiah Pacheco,2023,Chiefs,"$889,777",870000.0,17,205,935,4.6,48,6,7,44,49,244,5.5,2,1,14,169.9,12.1,91.5%,"$889,777",24.0
Israel Abanikanda,2023,Jets,"$834,095",1086380.0,106,22,70,3.2,12,0,0,7,11,43,6.1,0,1,7,9.3,1.3,0.1%,"$834,095",21.0
J.D. McKissic,2020,Commanders,"$1,610,000",2110000.0,34,85,365,4.3,17,0,1,80,110,589,7.4,2,1,16,111.4,7.0,0.0%,"$1,610,000",27.0
J.D. McKissic,2021,Commanders,"$1,660,000",1160000.0,49,48,212,4.4,15,0,2,43,53,397,9.2,2,0,11,84.9,7.7,0.0%,"$1,660,000",28.0
J.D. McKissic,2022,Commanders,"$1,910,000",3865000.0,82,22,95,4.3,33,1,0,27,40,173,6.4,0,0,9,28.8,3.2,0.0%,"$1,910,000",29.0
J.J. Taylor,2020,Patriots,"$610,000",610000.0,117,23,110,4.8,28,1,0,1,2,4,4.0,0,0,6,11.4,1.9,0.0%,"$610,000",22.0
J.J. Taylor,2021,Patriots,"$780,000",780000.0,111,19,37,1.9,15,0,2,4,4,8,2.0,0,1,5,14.5,2.9,0.0%,"$780,000",23.0
J.J. Taylor,2022,Patriots,"$80,500",80500.0,146,10,9,0.9,5,0,0,1,1,8,8.0,0,0,1,1.7,1.7,0.0%,"$80,500",24.0
J.K. Dobbins,2020,Ravens,"$1,041,716",2336864.0,17,134,805,6.0,72,8,9,18,24,120,6.7,0,0,15,150.5,10.0,91.1%,"$1,041,716",21.0
J.K. Dobbins,2021,Ravens,"$1,302,145",870429.0,167,0,0,0.0,0,0,0,0,0,0,0.0,0,0,1,0.0,0.0,91.1%,"$1,302,145",22.0
J.K. Dobbins,2022,Ravens,"$1,562,574",1130858.0,48,92,520,5.7,44,4,2,7,8,42,6.0,1,0,8,74.2,9.3,91.1%,"$1,562,574",23.0
J.K. Dobbins,2023,Ravens,"$1,823,003",1391287.0,104,8,22,2.8,4,0,1,2,3,15,7.5,0,0,1,9.7,9.7,91.1%,"$1,823,003",24.0
Jahmyr Gibbs,2023,Lions,"$3,244,570",10728280.0,10,182,945,5.2,36,10,10,52,71,316,6.1,1,1,15,190.1,12.7,99.8%,"$3,244,570",21.0
Jake Funk,2021,Rams,"$578,168",659339.0,161,2,5,2.5,6,0,0,0,0,0,0.0,0,0,5,0.5,0.1,0.0%,"$578,168",23.0
Jake Funk,2022,Colts,"$45,833",45833.0,168,0,0,0.0,0,0,0,0,0,0,0.0,0,0,1,0.0,0.0,0.0%,"$45,833",24.0
Jake Funk,2023,Ravens,"$36,000",36000.0,126,2,10,5.0,7,0,0,1,1,12,12.0,0,0,1,2.2,2.2,0.0%,"$36,000",25.0
Jaleel McLaughlin,2023,Broncos,"$755,000",765000.0,46,76,410,5.4,38,4,1,31,36,160,5.2,2,0,17,75.0,4.4,20.4%,"$755,000",23.0
Jamaal Williams,2020,Packers,"$2,274,498",2133000.0,38,119,505,4.2,25,1,2,31,35,236,7.6,1,0,14,96.1,6.9,4.5%,"$2,274,498",25.0
Jamaal Williams,2021,Lions,"$1,625,000",2250000.0,41,153,601,3.9,20,1,3,26,28,157,6.0,0,0,13,93.8,7.2,4.5%,"$1,625,000",26.0
Jamaal Williams,2022,Lions,"$4,375,000",4000000.0,7,262,1066,4.1,58,4,17,12,16,73,6.1,0,2,17,213.9,12.6,4.5%,"$4,375,000",27.0
Jamaal Williams,2023,Saints,"$1,880,000",5000000.0,62,106,306,2.9,17,0,1,18,20,62,3.4,0,0,13,42.8,3.3,4.5%,"$1,880,000",28.0
James Conner,2020,Steelers,"$1,001,572",825000.0,25,169,721,4.3,59,5,6,35,43,215,6.1,0,0,13,129.6,10.0,95.4%,"$1,001,572",25.0
James Conner,2021,Cardinals,"$1,750,000",1750000.0,5,202,752,3.7,35,3,15,37,39,375,10.1,3,0,15,220.7,14.7,95.4%,"$1,750,000",26.0
James Conner,2022,Cardinals,"$3,975,000",7945000.0,19,183,782,4.3,23,3,7,46,58,300,6.5,1,1,13,154.2,11.9,95.4%,"$3,975,000",27.0
James Conner,2023,Cardinals,"$9,445,000",8445000.0,15,208,1040,5.0,44,11,7,27,33,165,6.1,2,0,13,174.5,13.4,95.4%,"$9,445,000",28.0
James Cook,2022,Bills,"$1,060,375",2126500.0,44,91,525,5.8,33,6,2,21,32,180,8.6,1,1,17,86.5,5.1,98.4%,"$1,060,375",23.0
James Cook,2023,Bills,"$1,325,469",970094.0,11,237,1122,4.7,42,6,2,44,54,445,10.1,4,2,17,188.7,11.1,98.4%,"$1,325,469",24.0
James Robinson,2020,Jaguars,"$611,666",615000.0,7,240,1070,4.5,47,5,7,49,60,344,7.0,3,1,14,201.4,14.4,0.0%,"$611,666",22.0
James Robinson,2021,Jaguars,"$781,666",780000.0,25,164,767,4.7,58,4,8,31,46,222,7.2,0,2,14,142.9,10.2,0.0%,"$781,666",23.0
James Robinson,2022,Jets,"$546,944",546944.0,47,110,425,3.9,50,4,3,11,14,51,4.6,2,0,11,77.6,7.1,0.0%,"$546,944",24.0
James Robinson,2023,Saints,"$70,000",70000.0,147,1,2,2.0,2,0,0,1,1,-2,-2.0,0,0,1,0.0,0.0,0.0%,"$70,000",25.0
JaMycal Hasty,2020,49ers,"$502,353",502353.0,89,39,148,3.8,20,1,1,7,8,33,4.7,0,0,8,24.1,3.0,0.4%,"$502,353",24.0
JaMycal Hasty,2021,49ers,"$704,445",704445.0,92,16,68,4.3,21,1,1,23,29,157,6.8,0,1,11,26.5,2.4,0.4%,"$704,445",25.0
JaMycal Hasty,2022,Jaguars,"$895,000",895000.0,64,46,194,4.2,61,1,2,21,27,121,5.8,1,0,14,49.5,3.5,0.4%,"$895,000",26.0
JaMycal Hasty,2023,Patriots,"$500,588",465294.0,148,0,0,0.0,0,0,0,0,2,0,0.0,0,0,2,0.0,0.0,0.4%,"$500,588",27.0
Jaret Patterson,2021,Commanders,"$671,666",695000.0,69,68,266,3.9,13,0,2,10,12,73,7.3,0,0,14,45.9,3.3,0.0%,"$671,666",21.0
Jaret Patterson,2022,Commanders,"$45,833",45833.0,121,17,78,4.6,14,0,0,0,1,0,0.0,0,0,2,7.8,3.9,0.0%,"$45,833",22.0
Jashaun Corbin,2022,Giants,"$207,000",207000.0,174,0,0,0.0,0,0,0,0,0,0,0.0,0,0,2,0.0,0.0,0.0%,"$207,000",22.0
Jashaun Corbin,2023,Giants,"$458,333",458333.0,133,1,1,1.0,1,0,0,3,3,12,4.0,0,0,3,1.3,0.4,0.0%,"$458,333",23.0
Jason Huntley,2020,Eagles,"$610,000",610000.0,144,5,19,3.8,10,0,0,1,2,0,0.0,0,0,5,1.9,0.4,0.0%,"$610,000",22.0
Jason Huntley,2021,Eagles,"$8,333",25000.0,132,13,51,3.9,18,0,0,0,1,0,0.0,0,0,1,5.1,5.1,0.0%,"$8,333",23.0
Javonte Williams,2021,Broncos,"$1,611,955",4467820.0,18,203,903,4.4,49,6,4,43,53,316,7.3,3,1,17,161.9,9.5,86.7%,"$1,611,955",21.0
Javonte Williams,2022,Broncos,"$2,014,944",1062989.0,86,47,204,4.3,17,0,0,16,22,76,4.8,0,1,4,26.0,6.5,86.7%,"$2,014,944",22.0
Javonte Williams,2023,Broncos,"$2,417,933",1465978.0,32,217,774,3.6,21,2,3,47,58,228,4.9,2,1,16,132.2,8.3,86.7%,"$2,417,933",23.0
Jaylen Warren,2022,Steelers,"$709,000",717000.0,52,77,379,4.9,31,3,1,28,33,214,7.6,0,0,16,65.3,4.1,54.7%,"$709,000",24.0
Jaylen Warren,2023,Steelers,"$874,000",870000.0,30,149,784,5.3,74,6,4,61,74,370,6.1,0,2,17,135.4,8.0,54.7%,"$874,000",25.0
Jerick McKinnon,2020,49ers,"$2,910,000",1160000.0,40,81,319,3.9,55,1,5,33,46,253,7.7,1,0,16,93.2,5.8,0.0%,"$2,910,000",28.0
Jerick McKinnon,2021,Chiefs,"$721,667",831667.0,95,12,62,5.2,18,0,0,13,20,107,8.2,1,0,9,22.9,2.5,0.0%,"$721,667",29.0
Jerick McKinnon,2022,Chiefs,"$1,047,500",1187500.0,24,72,291,4.0,30,2,1,56,71,512,9.1,9,1,17,140.3,8.3,0.0%,"$1,047,500",30.0
Jerick McKinnon,2023,Chiefs,"$1,092,500",1317500.0,56,21,60,2.9,10,0,1,25,32,192,7.7,4,0,12,59.4,5.0,0.0%,"$1,092,500",31.0
Jermar Jefferson,2021,Lions,"$679,581",738324.0,99,15,74,4.9,28,1,2,4,5,23,5.8,0,0,5,21.7,4.3,0.0%,"$679,581",21.0
Jermar Jefferson,2022,Lions,"$241,333",241333.0,164,0,0,0.0,0,0,0,0,0,0,0.0,0,0,1,0.0,0.0,0.0%,"$241,333",22.0
Jerome Ford,2022,Browns,"$709,148",950759.0,147,8,12,1.5,9,0,0,0,0,0,0.0,0,0,13,1.2,0.1,54.7%,"$709,148",23.0
Jerome Ford,2023,Browns,"$950,537",870000.0,19,204,813,4.0,69,5,4,44,63,319,7.3,5,1,17,167.2,9.8,54.7%,"$950,537",24.0
Joe Mixon,2020,Bengals,"$3,850,938",11325000.0,49,119,428,3.6,34,3,3,21,26,138,6.6,1,1,6,78.6,13.1,98.7%,"$3,850,938",24.0
Joe Mixon,2021,Bengals,"$8,420,588",8670588.0,3,292,1205,4.1,32,6,13,42,48,314,7.5,3,1,16,245.9,15.4,98.7%,"$8,420,588",25.0
Joe Mixon,2022,Bengals,"$11,420,588",8641176.0,13,212,826,3.9,40,4,7,60,75,441,7.4,2,0,15,180.7,12.0,98.7%,"$11,420,588",26.0
Joe Mixon,2023,Bengals,"$8,500,000",6100000.0,6,257,1034,4.0,44,3,9,52,64,376,7.2,3,0,17,215.0,12.6,98.7%,"$8,500,000",27.0
Jonathan Taylor,2020,Colts,"$1,423,482",3863928.0,4,232,1169,5.0,62,7,11,36,40,299,8.3,1,1,15,216.8,14.5,99.7%,"$1,423,482",21.0
Jonathan Taylor,2021,Colts,"$1,779,353",965871.0,1,332,1811,5.5,83,14,18,40,51,360,9.0,2,2,17,333.1,19.6,99.7%,"$1,779,353",22.0
Jonathan Taylor,2022,Colts,"$2,135,224",1321742.0,36,192,861,4.5,66,5,4,28,40,143,5.1,0,3,12,118.4,9.9,99.7%,"$2,135,224",23.0
Jonathan Taylor,2023,Colts,"$5,117,482",11990000.0,28,169,741,4.4,49,4,7,19,23,153,8.1,1,0,10,137.4,13.7,99.7%,"$5,117,482",24.0
Jordan Mason,2022,49ers,"$708,333",715000.0,76,43,258,6.0,55,1,1,0,0,0,0.0,0,0,12,31.8,2.7,85.8%,"$708,333",23.0
Jordan Mason,2023,49ers,"$873,333",870000.0,63,40,206,5.2,26,1,3,3,4,31,10.3,0,0,16,41.7,2.6,85.8%,"$873,333",24.0
Josh Jacobs,2020,Raiders,"$2,712,136",1037427.0,8,273,1065,3.9,28,3,12,33,45,238,7.2,0,2,15,198.3,13.2,98.7%,"$2,712,136",22.0
Josh Jacobs,2021,Raiders,"$3,254,563",1579854.0,16,217,872,4.0,28,2,9,54,64,348,6.4,0,2,15,172.0,11.5,98.7%,"$3,254,563",23.0
Josh Jacobs,2022,Raiders,"$3,796,990",2122281.0,1,340,1653,4.9,86,7,12,53,64,400,7.5,0,1,17,275.3,16.2,98.7%,"$3,796,990",24.0
Josh Jacobs,2023,Raiders,"$11,791,000",11391000.0,25,233,805,3.5,63,3,6,37,54,296,8.0,0,1,13,144.1,11.1,98.7%,"$11,791,000",25.0
Joshua Kelley,2020,Chargers,"$805,086",1390344.0,63,111,354,3.2,33,3,2,23,23,148,6.4,0,2,14,58.2,4.2,0.0%,"$805,086",22.0
Joshua Kelley,2021,Chargers,"$975,086",780000.0,116,33,102,3.1,14,0,0,5,6,38,7.6,0,1,8,12.0,1.5,0.0%,"$975,086",23.0
Joshua Kelley,2022,Chargers,"$1,090,086",895000.0,63,69,287,4.2,22,1,2,14,25,101,7.2,0,0,12,50.8,4.2,0.0%,"$1,090,086",24.0
Joshua Kelley,2023,Chargers,"$1,205,086",1010000.0,58,107,405,3.8,49,2,2,8,12,32,4.0,0,1,17,53.7,3.2,0.0%,"$1,205,086",25.0
Julius Chestnut,2022,Titans,"$156,667",156667.0,129,9,12,1.3,5,0,0,3,3,41,13.7,0,0,6,5.3,0.9,2.4%,"$156,667",22.0
Julius Chestnut,2023,Titans,"$540,833",540833.0,160,0,0,0.0,0,0,0,0,0,0,0.0,0,0,2,0.0,0.0,2.4%,"$540,833",23.0
Justice Hill,2020,Ravens,"$860,414",675000.0,123,12,60,5.0,19,0,0,5,5,20,4.0,0,0,12,8.0,0.7,22.9%,"$860,414",22.0
Justice Hill,2022,Ravens,"$1,080,414",895000.0,80,49,262,5.3,34,1,0,12,12,58,4.8,0,1,15,30.0,2.0,22.9%,"$1,080,414",24.0
Justice Hill,2023,Ravens,"$1,510,000",2010000.0,42,84,387,4.6,41,2,3,28,39,206,7.4,1,1,16,81.3,5.1,22.9%,"$1,510,000",25.0
Kareem Hunt,2020,Browns,"$4,009,000",4009000.0,10,198,841,4.2,33,3,6,38,51,304,8.0,5,0,16,180.5,11.3,87.8%,"$4,009,000",25.0
Kareem Hunt,2021,Browns,"$5,000,000",5000000.0,46,78,386,4.9,33,2,5,22,27,174,7.9,0,0,8,88.0,11.0,87.8%,"$5,000,000",26.0
Kareem Hunt,2022,Browns,"$6,250,000",6250000.0,41,123,468,3.8,24,2,3,35,44,210,6.0,1,0,17,91.8,5.4,87.8%,"$6,250,000",27.0
Kareem Hunt,2023,Browns,"$1,225,000",1198529.0,37,135,411,3.0,16,0,9,15,21,84,5.6,0,0,15,103.5,6.9,87.8%,"$1,225,000",28.0
Ke'Shawn Vaughn,2020,Buccaneers,"$864,727",1628908.0,96,26,109,4.2,19,0,0,5,10,34,6.8,1,1,10,18.3,1.8,0.0%,"$864,727",23.0
Ke'Shawn Vaughn,2021,Buccaneers,"$1,080,909",826182.0,87,36,180,5.0,55,1,2,4,8,26,6.5,0,0,6,32.6,5.4,0.0%,"$1,080,909",24.0
Ke'Shawn Vaughn,2022,Buccaneers,"$1,297,091",1042364.0,123,17,53,3.1,12,0,0,3,4,19,6.3,0,0,9,7.2,0.8,0.0%,"$1,297,091",25.0
Ke'Shawn Vaughn,2023,Patriots,"$48,300",48300.0,116,24,42,1.8,9,0,0,2,5,2,1.0,0,0,5,4.4,0.9,0.0%,"$48,300",26.0
Keaontay Ingram,2022,Cardinals,"$747,647",875588.0,106,27,60,2.2,13,0,1,4,5,21,5.3,0,0,11,14.1,1.3,0.0%,"$747,647",23.0
Keaontay Ingram,2023,Chiefs,"$108,333",108333.0,103,35,74,2.1,14,0,0,4,4,26,6.5,0,0,7,10.0,1.4,0.0%,"$108,333",24.0
Keaton Mitchell,2023,Ravens,"$622,667",634667.0,54,47,396,8.4,60,7,2,9,11,93,10.3,0,0,7,60.9,8.7,8.6%,"$622,667",21.0
Kendre Miller,2023,Saints,"$1,028,057",1862228.0,71,41,156,3.8,18,0,1,10,11,117,11.7,0,0,8,33.3,4.2,7.8%,"$1,028,057",21.0
Kene Nwangwu,2021,Vikings,"$766,532",1331129.0,102,13,61,4.7,19,0,0,4,5,9,2.3,0,0,9,19.0,2.1,0.0%,"$766,532",23.0
Kene Nwangwu,2022,Vikings,"$1,013,199",825000.0,116,9,14,1.6,8,0,0,2,2,21,10.5,0,0,14,9.5,0.7,0.0%,"$1,013,199",24.0
Kene Nwangwu,2023,Vikings,"$1,128,199",940000.0,131,5,13,2.6,8,0,0,0,0,0,0.0,0,0,8,1.3,0.2,0.0%,"$1,128,199",25.0
Kenneth Gainwell,2021,Eagles,"$743,881",995524.0,45,68,291,4.3,18,0,5,33,50,253,7.7,1,1,16,90.4,5.7,2.0%,"$743,881",22.0
Kenneth Gainwell,2022,Eagles,"$908,881",825000.0,53,53,240,4.5,13,0,4,23,29,169,7.3,0,0,17,64.9,3.8,2.0%,"$908,881",23.0
Kenneth Gainwell,2023,Eagles,"$1,023,881",940000.0,52,84,364,4.3,32,3,2,30,37,183,6.1,0,1,16,67.4,4.2,2.0%,"$1,023,881",24.0
Kenneth Walker III,2022,Seahawks,"$1,534,833",4024332.0,15,228,1050,4.6,74,10,9,27,35,165,6.1,0,0,15,175.5,11.7,97.3%,"$1,534,833",22.0
Kenneth Walker III,2023,Seahawks,"$1,918,541",1088708.0,16,219,905,4.1,45,7,8,29,37,259,8.9,1,0,15,170.4,11.4,97.3%,"$1,918,541",23.0
Kenyan Drake,2020,Cardinals,"$8,483,000",8483000.0,12,239,955,4.0,69,6,10,25,31,137,5.5,0,1,15,167.2,11.1,0.0%,"$8,483,000",26.0
Kenyan Drake,2021,Raiders,"$3,000,000",3250000.0,57,63,254,4.0,21,1,2,30,40,291,9.7,1,0,12,72.5,6.0,0.0%,"$3,000,000",27.0
Kenyan Drake,2022,Ravens,"$1,035,000",1035000.0,43,109,482,4.4,40,5,4,17,26,89,5.2,1,0,12,87.1,7.3,0.0%,"$1,035,000",28.0
Kenyan Drake,2023,Packers,"$152,744",177744.0,137,2,0,0.0,0,0,0,2,3,31,15.5,0,1,3,1.1,0.4,0.0%,"$152,744",29.0
Kevin Harris,2022,Patriots,"$543,751",647503.0,111,18,52,2.9,14,0,1,0,0,0,0.0,0,0,5,11.2,2.2,0.0%,"$543,751",21.0
Kevin Harris,2023,Patriots,"$145,000",145000.0,88,16,65,4.1,18,0,1,3,3,58,19.3,0,0,4,18.3,4.6,0.0%,"$145,000",22.0
Khalil Herbert,2021,Bears,"$692,676",790704.0,59,103,433,4.2,29,4,2,14,16,96,6.9,0,0,16,64.9,4.1,7.3%,"$692,676",23.0
Khalil Herbert,2022,Bears,"$754,899",722223.0,37,129,731,5.7,63,4,4,9,12,57,6.3,1,0,13,108.8,8.4,7.3%,"$754,899",24.0
Khalil Herbert,2023,Bears,"$972,676",940000.0,41,132,611,4.6,38,5,2,20,31,134,6.7,1,1,12,92.5,7.7,7.3%,"$972,676",25.0
Kyren Williams,2022,Rams,"$660,380",893186.0,90,35,139,4.0,17,0,0,9,12,76,8.4,0,0,8,21.5,2.7,99.6%,"$660,380",22.0
Kyren Williams,2023,Rams,"$947,602",870000.0,4,228,1144,5.0,56,7,12,32,48,206,6.4,3,2,12,223.0,18.6,99.6%,"$947,602",23.0
La'Mical Perine,2021,Jets,"$966,336",780000.0,137,8,31,3.9,14,0,0,0,0,0,0.0,0,0,2,3.1,1.6,0.0%,"$966,336",23.0
La'Mical Perine,2022,Dolphins,"$138,000",138000.0,160,0,0,0.0,0,0,0,0,0,0,0.0,0,0,1,0.0,0.0,0.0%,"$138,000",24.0
La'Mical Perine,2023,Chiefs,"$156,667",156667.0,100,22,77,3.5,10,0,0,3,5,33,11.0,0,0,5,11.0,2.2,0.0%,"$156,667",25.0
Larry Rountree III,2021,Chargers,"$703,941",835764.0,109,36,87,2.4,13,0,1,1,2,-1,-1.0,0,0,10,14.6,1.5,0.0%,"$703,941",22.0
Larry Rountree III,2022,Chargers,"$171,999",171999.0,137,13,19,1.5,5,0,0,2,2,14,7.0,0,0,3,3.3,1.1,0.0%,"$171,999",23.0
Latavius Murray,2020,Saints,"$4,050,000",3200000.0,32,146,656,4.5,36,3,4,23,26,176,7.7,1,0,15,113.2,7.5,0.0%,"$4,050,000",30.0
Latavius Murray,2021,Ravens,"$1,075,000",1075000.0,42,119,501,4.2,46,3,6,10,13,75,7.5,0,0,14,93.6,6.7,0.0%,"$1,075,000",31.0
Latavius Murray,2022,Broncos,"$696,111",871111.0,32,171,760,4.4,52,5,6,27,35,132,4.9,0,0,14,127.2,9.1,0.0%,"$696,111",32.0
Latavius Murray,2023,Bills,"$1,092,500",1317500.0,53,79,300,3.8,29,2,4,17,22,119,7.0,0,0,16,65.9,4.1,0.0%,"$1,092,500",33.0
Leonard Fournette,2020,Buccaneers,"$2,500,000",2000000.0,39,97,367,3.8,46,3,6,36,47,233,6.5,0,0,13,96.0,7.4,4.0%,"$2,500,000",25.0
Leonard Fournette,2021,Buccaneers,"$3,250,000",3375000.0,11,180,812,4.5,47,5,8,69,84,454,6.6,2,0,14,186.6,13.3,4.0%,"$3,250,000",26.0
Leonard Fournette,2022,Buccaneers,"$3,970,588",6970588.0,20,189,668,3.5,23,1,3,73,83,523,7.2,3,0,16,154.1,9.6,4.0%,"$3,970,588",27.0
Leonard Fournette,2023,Bills,"$233,244",248800.0,117,12,40,3.3,9,0,0,0,0,0,0.0,0,0,2,4.0,2.0,4.0%,"$233,244",28.0
Malcolm Brown,2020,Rams,"$1,312,500",1100000.0,45,101,419,4.1,19,0,5,23,33,162,7.0,0,1,16,86.1,5.4,0.0%,"$1,312,500",27.0
Malcolm Brown,2021,Dolphins,"$1,750,000",1750000.0,100,33,125,3.8,24,1,1,3,5,10,3.3,0,0,6,19.5,3.3,0.0%,"$1,750,000",28.0
Malcolm Brown,2022,Rams,"$198,889",230000.0,98,18,81,4.5,23,1,1,5,6,37,7.4,0,0,7,17.8,2.5,0.0%,"$198,889",29.0
Malik Davis,2022,Cowboys,"$430,833",430833.0,84,38,161,4.2,23,2,1,6,7,63,10.5,0,0,6,28.4,4.7,0.0%,"$430,833",23.0
Malik Davis,2023,Cowboys,"$324,999",324999.0,152,0,0,0.0,0,0,0,0,0,0,0.0,0,0,2,0.0,0.0,0.0%,"$324,999",24.0
Marlon Mack,2020,Colts,"$2,237,912",2133000.0,132,4,26,6.5,18,0,0,3,3,30,10.0,0,0,1,5.6,5.6,0.0%,"$2,237,912",24.0
Marlon Mack,2021,Colts,"$2,000,000",2000000.0,120,28,101,3.6,22,1,0,2,5,8,4.0,0,0,6,10.9,1.8,0.0%,"$2,000,000",25.0
Marlon Mack,2023,Cardinals,"$500,000",550000.0,165,0,0,0.0,0,0,0,0,0,0,0.0,0,0,2,0.0,0.0,0.0%,"$500,000",27.0
Matt Breida,2020,Dolphins,"$3,259,000",3259000.0,80,59,254,4.3,24,1,0,9,10,96,10.7,0,1,12,33.0,2.8,0.0%,"$3,259,000",25.0
Matt Breida,2021,Bills,"$915,000",1055000.0,82,26,125,4.8,28,1,1,7,9,72,10.3,2,1,7,35.7,5.1,0.0%,"$915,000",26.0
Matt Breida,2022,Giants,"$1,047,500",1187500.0,70,54,220,4.1,18,0,1,20,25,118,5.9,0,0,17,39.8,2.3,0.0%,"$1,047,500",27.0
Matt Breida,2023,Giants,"$1,400,000",1400000.0,72,55,151,2.7,9,0,1,17,21,88,5.2,0,0,17,29.9,1.8,0.0%,"$1,400,000",28.0
Michael Carter,2021,Jets,"$821,006",1426526.0,30,147,639,4.3,55,3,4,36,55,325,9.0,0,1,14,118.4,8.5,0.1%,"$821,006",22.0
Michael Carter,2022,Jets,"$1,026,840",825000.0,45,114,402,3.5,25,3,3,41,54,288,7.0,0,1,16,85.0,5.3,0.1%,"$1,026,840",23.0
Michael Carter,2023,Cardinals,"$417,778",417778.0,69,30,187,6.2,21,1,0,24,31,101,4.2,1,0,15,34.8,2.3,0.1%,"$417,778",24.0
Mike Boone,2020,Vikings,"$752,500",750000.0,110,11,59,5.4,19,0,1,2,2,10,5.0,0,0,16,12.9,0.8,0.0%,"$752,500",25.0
Mike Boone,2021,Broncos,"$1,800,000",2600000.0,130,4,35,8.8,16,0,0,2,2,22,11.0,0,0,3,5.7,1.9,0.0%,"$1,800,000",26.0
Mike Boone,2022,Broncos,"$2,050,000",1250000.0,93,24,102,4.3,18,0,0,9,15,96,10.7,0,0,8,19.8,2.5,0.0%,"$2,050,000",27.0
Mike Boone,2023,Panthers,"$16,100",16100.0,113,5,23,4.6,11,0,0,7,9,40,5.7,0,0,9,6.3,0.7,0.0%,"$16,100",28.0
Miles Sanders,2020,Eagles,"$1,218,234",738647.0,21,164,867,5.3,82,4,6,28,52,197,7.0,0,2,12,142.4,11.9,6.0%,"$1,218,234",23.0
Miles Sanders,2021,Eagles,"$1,461,881",982294.0,43,137,754,5.5,38,7,0,26,34,158,6.1,0,1,12,91.2,7.6,6.0%,"$1,461,881",24.0
Miles Sanders,2022,Eagles,"$1,705,528",1225941.0,10,259,1269,4.9,40,9,11,20,26,78,3.9,0,2,17,196.7,11.6,6.0%,"$1,705,528",25.0
Miles Sanders,2023,Panthers,"$2,555,000",6980000.0,55,129,432,3.3,48,1,1,27,41,154,5.7,0,2,16,60.6,3.8,6.0%,"$2,555,000",26.0
Mohamed Ibrahim,2023,Lions,"$173,667",173667.0,146,0,0,0.0,0,0,0,0,0,0,0.0,0,0,1,0.0,0.0,0.0%,"$173,667",25.0
Myles Gaskin,2020,Dolphins,"$637,953",616176.0,27,142,584,4.1,26,3,3,41,47,388,9.5,2,2,10,123.2,12.3,0.0%,"$637,953",23.0
Myles Gaskin,2021,Dolphins,"$871,777",850000.0,28,173,612,3.5,30,2,3,49,63,234,4.8,4,1,17,124.6,7.3,0.0%,"$871,777",24.0
Myles Gaskin,2022,Dolphins,"$2,561,777",2540000.0,128,10,26,2.6,10,0,0,4,6,28,7.0,0,0,2,5.4,2.7,0.0%,"$2,561,777",25.0
Najee Harris,2021,Steelers,"$2,372,262",7509048.0,4,307,1200,3.9,37,6,7,74,94,467,6.3,3,0,17,226.7,13.3,91.6%,"$2,372,262",23.0
Najee Harris,2022,Steelers,"$2,965,328",1253066.0,12,272,1034,3.8,36,1,7,41,53,229,5.6,3,2,17,182.5,10.7,91.6%,"$2,965,328",24.0
Najee Harris,2023,Steelers,"$3,558,394",1846132.0,20,255,1035,4.1,25,8,8,29,38,170,5.9,0,1,17,166.5,9.8,91.6%,"$3,558,394",25.0
Nick Chubb,2020,Browns,"$2,013,571",1151190.0,9,190,1067,5.6,59,12,12,16,18,150,9.4,0,1,12,191.7,16.0,86.9%,"$2,013,571",24.0
Nick Chubb,2021,Browns,"$4,782,381",12920000.0,7,228,1259,5.5,70,12,8,20,25,174,8.7,1,1,14,195.3,14.0,86.9%,"$4,782,381",25.0
Nick Chubb,2022,Browns,"$5,213,059",4213059.0,5,302,1525,5.0,41,13,12,27,37,239,8.9,1,1,17,254.4,15.0,86.9%,"$5,213,059",26.0
Nick Chubb,2023,Browns,"$14,850,000",10850000.0,86,28,170,6.1,20,1,0,4,4,21,5.3,0,0,2,19.1,9.6,86.9%,"$14,850,000",27.0
Nyheim Hines,2020,Colts,"$931,137",750000.0,24,89,380,4.3,31,3,3,63,76,482,7.7,4,0,16,130.2,8.1,0.1%,"$931,137",24.0
Nyheim Hines,2021,Colts,"$2,681,137",7000000.0,56,56,276,4.9,34,2,2,40,57,310,7.8,1,2,17,72.6,4.3,0.1%,"$2,681,137",25.0
Nyheim Hines,2022,Bills,"$2,045,833",2045833.0,62,24,33,1.4,9,0,1,30,37,241,8.0,1,0,16,51.4,3.2,0.1%,"$2,045,833",26.0
Patrick Laird,2020,Dolphins,"$678,000",675000.0,114,13,72,5.5,17,0,0,10,12,68,6.8,0,1,16,12.0,0.8,0.0%,"$678,000",25.0
Patrick Laird,2021,Dolphins,"$412,500",412500.0,144,1,4,4.0,4,0,0,3,3,17,5.7,0,0,3,2.1,0.7,0.0%,"$412,500",26.0
Patrick Laird,2023,Buccaneers,"$370,800",370800.0,166,0,0,0.0,0,0,0,0,0,0,0.0,0,0,2,0.0,0.0,0.0%,"$370,800",28.0
Pierre Strong Jr.,2022,Patriots,"$883,357",1418428.0,92,10,100,10.0,44,1,1,7,7,42,6.0,0,0,10,20.2,2.0,0.4%,"$883,357",23.0
Pierre Strong Jr.,2023,Browns,"$870,000",870000.0,66,63,291,4.6,40,2,1,5,8,47,9.4,0,1,17,37.8,2.2,0.4%,"$870,000",24.0
Qadree Ollison,2020,Falcons,"$752,891",675000.0,159,1,3,3.0,3,0,0,0,0,0,0.0,0,0,3,0.3,0.1,0.0%,"$752,891",24.0
Qadree Ollison,2021,Falcons,"$236,111",236111.0,107,21,105,5.0,19,0,1,4,6,12,3.0,0,1,6,15.7,2.6,0.0%,"$236,111",25.0
Qadree Ollison,2022,Cowboys,"$333,333",333333.0,179,0,0,0.0,0,0,0,0,0,0,0.0,0,0,3,0.0,0.0,0.0%,"$333,333",26.0
Rachaad White,2022,Buccaneers,"$932,727",1615908.0,42,129,481,3.7,35,2,1,50,58,290,5.8,2,3,17,89.1,5.2,92.2%,"$932,727",23.0
Rachaad White,2023,Buccaneers,"$1,165,909",938182.0,8,272,990,3.6,38,3,6,64,70,549,8.6,3,2,17,203.9,12.0,92.2%,"$1,165,909",24.0
Raheem Blackshear,2022,Panthers,"$626,667",626667.0,75,23,77,3.3,16,0,3,10,12,93,9.3,0,1,13,33.0,2.5,0.2%,"$626,667",24.0
Raheem Blackshear,2023,Panthers,"$870,000",870000.0,99,14,46,3.3,9,0,0,6,7,45,7.5,0,0,11,11.1,1.0,0.2%,"$870,000",25.0
Raheem Mostert,2020,49ers,"$3,333,333",3000000.0,47,104,521,5.0,80,2,2,16,19,156,9.8,1,1,8,83.7,10.5,74.6%,"$3,333,333",28.0
Raheem Mostert,2021,49ers,"$3,608,334",3040625.0,146,2,20,10.0,11,0,0,0,0,0,0.0,0,0,1,2.0,2.0,74.6%,"$3,608,334",29.0
Raheem Mostert,2022,Dolphins,"$2,113,235",3113235.0,27,181,891,4.9,67,6,3,31,42,202,6.5,2,1,16,137.3,8.6,74.6%,"$2,113,235",30.0
Raheem Mostert,2023,Dolphins,"$2,187,941",3820882.0,2,209,1012,4.8,49,7,18,25,32,175,7.0,3,1,15,242.7,16.2,74.6%,"$2,187,941",31.0
Rhamondre Stevenson,2021,Patriots,"$847,265",1409060.0,36,133,606,4.6,21,1,5,14,18,123,8.8,0,1,12,100.9,8.4,91.1%,"$847,265",23.0
Rhamondre Stevenson,2022,Patriots,"$1,012,265",825000.0,14,210,1040,5.0,49,7,5,69,88,421,6.1,1,1,17,180.1,10.6,91.1%,"$1,012,265",24.0
Rhamondre Stevenson,2023,Patriots,"$1,127,265",940000.0,35,156,619,4.0,64,1,4,38,51,238,6.3,0,1,12,107.7,9.0,91.1%,"$1,127,265",25.0
Rico Dowdle,2020,Cowboys,"$613,333",620000.0,143,7,24,3.4,7,0,0,0,0,0,0.0,0,0,15,2.4,0.2,61.4%,"$613,333",22.0
Rico Dowdle,2022,Cowboys,"$828,334",825000.0,166,0,0,0.0,0,0,0,0,0,0,0.0,0,0,2,0.0,0.0,61.4%,"$828,334",24.0
Rico Dowdle,2023,Cowboys,"$1,040,000",1040000.0,47,89,361,4.1,21,2,2,17,22,144,8.5,2,0,16,74.5,4.7,61.4%,"$1,040,000",25.0
Ronald Jones II,2020,Buccaneers,"$1,928,707",1122902.0,15,192,978,5.1,98,6,7,28,42,165,5.9,1,2,14,158.3,11.3,0.0%,"$1,928,707",23.0
Ronald Jones II,2021,Buccaneers,"$2,250,158",1444353.0,58,101,428,4.2,30,1,4,10,13,64,6.4,0,2,15,69.2,4.6,0.0%,"$2,250,158",24.0
Ronald Jones II,2022,Chiefs,"$1,500,000",1500000.0,103,17,70,4.1,13,0,1,1,1,22,22.0,0,0,5,15.2,3.0,0.0%,"$1,500,000",25.0
Ronnie Rivers,2022,Rams,"$274,167",274167.0,132,9,21,2.3,5,0,0,5,5,29,5.8,0,0,2,5.0,2.5,0.1%,"$274,167",23.0
Ronnie Rivers,2023,Rams,"$694,444",694444.0,92,32,129,4.0,10,0,0,5,5,22,4.4,0,0,9,15.1,1.7,0.1%,"$694,444",24.0
Roschon Johnson,2023,Bears,"$942,172",1518688.0,51,81,352,4.3,29,2,2,34,40,209,6.1,0,0,15,68.1,4.5,15.4%,"$942,172",22.0
Royce Freeman,2020,Broncos,"$1,081,255",832000.0,88,35,170,4.9,23,2,0,12,13,81,6.8,0,0,16,25.1,1.6,0.1%,"$1,081,255",24.0
Royce Freeman,2021,Texans,"$485,000",485000.0,94,56,169,3.0,13,0,0,10,16,77,7.7,0,0,12,24.6,2.1,0.1%,"$485,000",25.0
Royce Freeman,2022,Texans,"$230,000",230000.0,110,41,117,2.9,11,0,0,6,8,33,5.5,0,1,5,13.0,2.6,0.1%,"$230,000",26.0
Royce Freeman,2023,Rams,"$626,667",720000.0,61,77,319,4.1,23,1,2,1,2,13,13.0,0,0,11,45.2,4.1,0.1%,"$626,667",27.0
Salvon Ahmed,2020,Dolphins,"$466,471",466471.0,64,75,319,4.3,31,1,3,11,14,61,5.5,0,0,6,58.0,9.7,0.0%,"$466,471",21.0
Salvon Ahmed,2021,Dolphins,"$780,000",780000.0,91,54,149,2.8,16,0,0,12,19,117,9.8,0,0,11,26.6,2.4,0.0%,"$780,000",22.0
Salvon Ahmed,2022,Dolphins,"$895,000",895000.0,109,12,64,5.3,11,0,1,1,1,8,8.0,0,0,7,13.2,1.9,0.0%,"$895,000",23.0
Salvon Ahmed,2023,Dolphins,"$1,410,000",1270000.0,75,22,61,2.8,10,0,1,16,23,88,5.5,1,0,9,26.9,3.0,0.0%,"$1,410,000",24.0
Samaje Perine,2020,Bengals,"$825,000",825000.0,66,63,301,4.8,46,1,3,11,12,66,6.0,0,0,16,54.7,3.4,16.9%,"$825,000",25.0
Samaje Perine,2021,Bengals,"$1,450,000",1800000.0,63,55,246,4.5,46,2,1,27,31,196,7.3,1,0,15,56.2,3.7,16.9%,"$1,450,000",26.0
Samaje Perine,2022,Bengals,"$1,850,000",1500000.0,38,95,394,4.1,29,1,2,38,51,287,7.6,4,0,16,104.1,6.5,16.9%,"$1,850,000",27.0
Samaje Perine,2023,Broncos,"$3,000,000",4500000.0,49,53,238,4.5,24,1,1,50,56,455,9.1,0,2,17,71.3,4.2,16.9%,"$3,000,000",28.0
Saquon Barkley,2020,Giants,"$8,597,659",3405886.0,120,19,34,1.8,18,0,0,6,9,60,10.0,0,0,2,9.4,4.7,99.8%,"$8,597,659",23.0
Saquon Barkley,2021,Giants,"$10,025,602",4833829.0,34,162,593,3.7,41,3,2,41,57,263,6.4,2,1,14,107.6,7.7,99.8%,"$10,025,602",24.0
Saquon Barkley,2022,Giants,"$7,217,000",7217000.0,6,295,1312,4.4,68,9,10,57,76,338,5.9,0,0,16,227.0,14.2,99.8%,"$7,217,000",25.0
Saquon Barkley,2023,Giants,"$10,091,000",10091000.0,13,247,962,3.9,36,7,6,41,60,280,6.8,4,2,14,182.2,13.0,99.8%,"$10,091,000",26.0
Sean Tucker,2023,Buccaneers,"$751,666",755000.0,121,15,23,1.5,7,0,0,2,2,9,4.5,0,0,5,3.2,0.6,5.7%,"$751,666",22.0
Snoop Conner,2022,Jaguars,"$786,567",1031268.0,112,12,42,3.5,8,0,1,0,0,0,0.0,0,0,5,10.2,2.0,0.0%,"$786,567",22.0
Tank Bigsby,2023,Jaguars,"$980,530",1672120.0,85,50,132,2.6,12,0,2,1,4,6,6.0,0,2,16,21.8,1.4,49.9%,"$980,530",21.0
Tevin Coleman,2020,49ers,"$4,868,750",4900000.0,121,28,53,1.9,12,0,0,4,5,34,8.5,0,0,8,8.7,1.1,0.0%,"$4,868,750",27.0
Tevin Coleman,2021,Jets,"$1,100,000",1100000.0,77,84,356,4.2,20,1,0,11,16,49,4.5,0,0,11,40.5,3.7,0.0%,"$1,100,000",28.0
Tevin Coleman,2022,49ers,"$203,722",216222.0,96,12,26,2.2,14,0,1,3,3,44,14.7,1,0,3,19.0,6.3,0.0%,"$203,722",29.0
Tony Pollard,2020,Cowboys,"$842,582",675000.0,41,101,435,4.3,42,4,4,28,40,193,6.9,1,0,16,92.8,5.8,92.5%,"$842,582",23.0
Tony Pollard,2021,Cowboys,"$1,017,582",850000.0,29,130,719,5.5,58,4,2,39,46,337,8.6,0,0,15,123.6,8.2,92.5%,"$1,017,582",24.0
Tony Pollard,2022,Cowboys,"$1,132,582",965000.0,8,193,1007,5.2,57,9,9,39,55,371,9.5,3,0,16,209.8,13.1,92.5%,"$1,132,582",25.0
Tony Pollard,2023,Cowboys,"$10,091,000",10091000.0,18,252,1005,4.0,31,6,6,55,67,311,5.7,0,1,17,167.6,9.9,92.5%,"$10,091,000",26.0
Travis Homer,2020,Seahawks,"$666,722",630882.0,90,25,88,3.5,12,0,0,9,10,90,10.0,1,0,9,23.8,2.6,0.1%,"$666,722",22.0
Travis Homer,2021,Seahawks,"$885,840",850000.0,70,21,177,8.4,73,2,1,16,20,161,10.1,0,0,14,45.8,3.3,0.1%,"$885,840",23.0
Travis Homer,2022,Seahawks,"$1,000,840",965000.0,85,19,74,3.9,16,0,0,16,18,157,9.8,1,1,12,27.1,2.3,0.1%,"$1,000,840",24.0
Travis Homer,2023,Bears,"$1,860,294",2085294.0,143,0,0,0.0,0,0,0,0,1,0,0.0,0,0,9,0.0,0.0,0.1%,"$1,860,294",25.0
Trayveon Williams,2020,Bengals,"$720,496",675000.0,100,26,157,6.0,55,1,0,5,5,30,6.0,0,1,10,16.7,1.7,2.8%,"$720,496",23.0
Trayveon Williams,2021,Bengals,"$283,333",283333.0,131,15,51,3.4,10,0,0,1,2,4,4.0,0,0,4,5.5,1.4,2.8%,"$283,333",24.0
Trayveon Williams,2022,Bengals,"$965,000",965000.0,125,6,30,5.0,16,0,0,2,3,30,15.0,0,0,9,6.0,0.7,2.8%,"$965,000",25.0
Trayveon Williams,2023,Bengals,"$1,092,500",1232500.0,110,15,69,4.6,15,0,0,7,9,10,1.4,0,0,17,7.9,0.5,2.8%,"$1,092,500",26.0
Trestan Ebner,2022,Bears,"$746,484",870936.0,135,24,54,2.3,11,0,0,2,8,8,4.0,0,1,11,4.2,0.4,0.0%,"$746,484",23.0
Trey Sermon,2021,49ers,"$804,321",1482285.0,93,41,167,4.1,16,0,1,3,4,26,8.7,0,0,6,25.3,4.2,12.5%,"$804,321",22.0
Trey Sermon,2022,Eagles,"$881,497",881497.0,143,2,19,9.5,14,0,0,0,0,0,0.0,0,0,1,1.9,1.9,12.5%,"$881,497",23.0
Trey Sermon,2023,Colts,"$835,556",835556.0,89,35,160,4.6,27,1,0,3,6,13,4.3,0,0,12,17.3,1.4,12.5%,"$835,556",24.0
Ty Chandler,2022,Vikings,"$611,656",835789.0,142,6,20,3.3,10,0,0,0,0,0,0.0,0,0,2,2.0,1.0,28.4%,"$611,656",24.0
Ty Chandler,2023,Vikings,"$944,711",870000.0,44,102,461,4.5,31,3,3,21,25,159,7.6,0,0,16,80.0,5.0,28.4%,"$944,711",25.0
Ty Johnson,2020,Jets,"$555,882",555882.0,70,54,254,4.7,34,1,1,16,21,99,6.2,1,0,13,47.3,3.6,2.3%,"$555,882",23.0
Ty Johnson,2021,Jets,"$850,000",850000.0,52,61,238,3.9,24,2,2,34,55,372,10.9,2,1,15,83.0,5.5,2.3%,"$850,000",24.0
Ty Johnson,2022,Jets,"$965,000",965000.0,77,30,160,5.3,32,2,1,12,24,88,7.3,0,0,12,30.8,2.6,2.3%,"$965,000",25.0
Ty Johnson,2023,Bills,"$626,667",720000.0,77,30,132,4.4,13,0,0,7,7,62,8.9,1,0,9,25.4,2.8,2.3%,"$626,667",26.0
Tyjae Spears,2023,Titans,"$998,291",1743164.0,39,100,453,4.5,23,3,2,52,70,385,7.4,1,0,17,101.8,6.0,52.0%,"$998,291",22.0
Tyler Allgeier,2022,Falcons,"$788,472",1038888.0,22,210,1035,4.9,44,6,3,16,17,139,8.7,1,0,16,143.4,9.0,40.7%,"$788,472",22.0
Tyler Allgeier,2023,Falcons,"$953,472",870000.0,34,186,683,3.7,31,2,4,18,23,193,10.7,1,0,17,119.6,7.0,40.7%,"$953,472",23.0
Tyler Badie,2022,Broncos,"$78,333",78333.0,120,1,0,0.0,0,0,0,1,1,24,24.0,1,0,1,8.4,8.4,0.7%,"$78,333",22.0
Tyler Goodson,2023,Colts,"$125,000",125000.0,94,13,87,6.7,31,1,0,6,9,34,5.7,0,0,6,12.1,2.0,3.7%,"$125,000",23.0
Tyrion Davis-Price,2022,49ers,"$928,826",1600304.0,113,34,99,2.9,20,1,0,0,2,0,0.0,0,0,5,9.9,2.0,0.0%,"$928,826",22.0
Tyrion Davis-Price,2023,49ers,"$60,000",60000.0,127,6,21,3.5,15,0,0,0,0,0,0.0,0,0,1,2.1,2.1,0.0%,"$60,000",23.0
Zach Charbonnet,2023,Seahawks,"$1,250,196",2750784.0,48,108,462,4.3,23,4,1,33,40,209,6.3,0,0,16,73.1,4.6,64.4%,"$1,250,196",22.0
Zach Evans,2023,Rams,"$783,333",883332.0,130,9,19,2.1,5,0,0,0,0,0,0.0,0,0,4,1.9,0.5,0.0%,"$783,333",22.0
Zack Moss,2020,Bills,"$838,605",1524420.0,43,112,481,4.3,31,4,4,14,18,95,6.8,1,0,13,87.6,6.7,71.8%,"$838,605",22.0
Zack Moss,2021,Bills,"$1,048,256",819651.0,53,96,345,3.6,17,0,4,23,32,197,8.6,1,1,13,82.2,6.3,71.8%,"$1,048,256",23.0
Zack Moss,2022,Colts,"$543,750",543750.0,61,93,456,4.9,43,2,1,11,13,39,3.5,0,1,13,53.5,4.1,71.8%,"$543,750",24.0
Zack Moss,2023,Colts,"$1,169,260",1169260.0,27,183,794,4.3,56,6,5,27,37,192,7.1,2,0,14,142.6,10.2,71.8%,"$1,169,260",25.0
Zamir White,2022,Raiders,"$890,981",1448924.0,124,17,70,4.1,22,1,0,0,0,0,0.0,0,0,11,7.0,0.6,45.5%,"$890,981",23.0
Zamir White,2023,Raiders,"$1,055,981",870000.0,57,104,451,4.3,43,2,1,15,19,98,6.5,0,1,15,58.9,3.9,45.5%,"$1,055,981",24.0
Zonovan Knight,2022,Jets,"$430,833",430833.0,66,85,300,3.5,48,1,1,13,14,100,7.7,0,0,7,46.0,6.6,0.0%,"$430,833",21.0
Zonovan Knight,2023,Lions,"$488,055",488055.0,128,3,13,4.3,8,0,0,1,1,8,8.0,0,0,2,2.1,1.1,0.0%,"$488,055",22.0
