"Player","Year","Team","Cap.Number","Cash.Spent","Rank","REC","TGT","YDS","Y.R","LG","X20.","TD","ATT","YDS.1","TD.1","FL","G","FPTS","FPTS.G","ROST","REC_TGT_interaction"
"A.J. Brown",2020,"Titans","$1,284,629",751926,9,70,106,1075,15.4,73,13,11,0,0,0,1,14,177.5,12.7,"99.6%",0.660377358490566
"A.J. Brown",2021,"Titans","$1,541,555",1008852,32,63,105,869,13.8,57,10,5,2,10,0,0,13,117.9,9.1,"99.6%",0.6
"A.J. Brown",2022,"Eagles","$5,680,894",24220471,4,88,145,1496,17,78,23,11,0,0,0,2,17,211.6,12.4,"99.6%",0.606896551724138
"A.J. Brown",2023,"Eagles","$8,318,894",11760000,8,106,158,1456,13.7,59,21,7,0,0,0,2,17,183.6,10.8,"99.6%",0.670886075949367
"A.J. Green",2020,"Bengals","$17,971,000",17971000,75,47,104,523,11.1,33,3,2,0,0,0,0,16,64.3,4,"0.6%",0.451923076923077
"A.J. Green",2021,"Cardinals","$3,500,000",7e+06,43,54,92,848,15.7,42,16,3,0,0,0,0,16,102.8,6.4,"0.6%",0.58695652173913
"A.J. Green",2022,"Cardinals","$2,217,254",3500000,110,24,47,236,9.8,77,1,2,0,0,0,0,13,37.6,2.9,"0.6%",0.51063829787234
"A.T. Perry",2023,"Saints","$794,091",926364,85,12,18,246,20.5,44,5,4,0,0,0,0,10,48.6,4.9,"2.3%",0.666666666666667
"Adam Humphries",2020,"Titans","$9,609,375",7109375,110,23,35,228,9.9,23,2,2,1,0,0,0,7,34.8,5,"0.0%",0.657142857142857
"Adam Humphries",2021,"Commanders","$1,190,000",1190000,110,41,62,383,9.3,27,4,0,0,0,0,0,17,38.3,2.3,"0.0%",0.661290322580645
"Adam Thielen",2020,"Vikings","$12,768,750",1e+07,7,74,108,925,12.5,51,11,14,3,15,0,0,15,180,12,"29.0%",0.685185185185185
"Adam Thielen",2021,"Vikings","$5,941,176",11700000,27,67,95,726,10.8,35,14,10,1,2,0,0,13,132.8,10.2,"29.0%",0.705263157894737
"Adam Thielen",2022,"Vikings","$11,903,529",14353529,36,70,107,716,10.2,36,7,6,1,4,0,0,17,110,6.5,"29.0%",0.654205607476635
"Adam Thielen",2023,"Panthers","$3,332,000",1e+07,30,103,137,1014,9.8,32,9,4,1,6,0,0,17,128,7.5,"29.0%",0.751824817518248
"Albert Wilson",2021,"Dolphins","$5,183,334",2850000,134,25,39,213,8.5,64,1,0,4,17,0,0,10,23,2.3,"0.0%",0.641025641025641
"Alec Pierce",2022,"Colts","$1,200,244",2685976,60,41,78,593,14.5,47,8,2,0,0,0,0,16,71.3,4.5,"22.5%",0.525641025641026
"Alec Pierce",2023,"Colts","$1,500,305",1005061,68,32,65,514,16.1,58,8,2,0,0,0,0,17,63.4,3.7,"22.5%",0.492307692307692
"Alex Bachman",2020,"Giants","$136,682",136682,219,0,0,0,0,0,0,0,0,0,0,0,1,0,0,"0.0%",NA
"Alex Bachman",2021,"Giants","$146,934",146934,261,0,0,0,0,0,0,0,1,-3,0,0,2,-0.3,-0.2,"0.0%",NA
"Alex Bachman",2022,"Texans","$92,000",92000,220,0,0,0,0,0,0,0,0,0,0,0,1,0,0,"0.0%",NA
"Alex Erickson",2020,"Bengals","$2,066,668",1800000,161,12,17,139,11.6,42,2,0,5,7,0,2,16,10.6,0.7,"0.0%",0.705882352941177
"Alex Erickson",2021,"Panthers","$802,778",935000,180,3,4,55,18.3,25,1,0,0,0,0,0,17,5.5,0.3,"0.0%",0.75
"Alex Erickson",2022,"Commanders","$417,844",433400,244,0,0,0,0,0,0,0,0,0,0,0,2,0,0,"0.0%",NA
"Alex Erickson",2023,"Chargers","$313,333",360000,114,16,29,232,14.5,27,4,1,0,0,0,0,8,29.2,3.7,"0.0%",0.551724137931034
"Allen Hurns",2021,"Dolphins","$2,883,333",1775000,244,0,0,0,0,0,0,0,0,0,0,0,4,0,0,"0.0%",NA
"Allen Lazard",2020,"Packers","$675,000",675000,74,33,46,451,13.7,72,6,3,2,17,0,0,10,64.8,6.5,"29.1%",0.717391304347826
"Allen Lazard",2021,"Packers","$850,000",850000,44,40,60,513,12.8,42,8,8,3,32,0,0,14,102.5,7.3,"29.1%",0.666666666666667
"Allen Lazard",2022,"Packers","$3,986,000",3986000,30,60,100,788,13.1,47,13,6,2,0,0,0,15,114.8,7.7,"29.1%",0.6
"Allen Lazard",2023,"Jets","$3,264,000",1.2e+07,101,23,49,311,13.5,39,5,1,0,0,0,0,14,37.1,2.7,"29.1%",0.469387755102041
"Alshon Jeffery",2020,"Eagles","$14,979,559",11500000,143,6,13,115,19.2,39,3,1,0,0,0,0,7,17.5,2.5,"0.0%",0.461538461538462
"Amari Cooper",2020,"Cowboys","$12,000,000",2e+07,19,92,130,1114,12.1,69,13,5,6,14,0,0,16,144.8,9.1,"93.3%",0.707692307692308
"Amari Cooper",2021,"Cowboys","$22,000,000",2e+07,26,68,104,865,12.7,41,15,8,0,0,0,0,15,134.5,9,"93.3%",0.653846153846154
"Amari Cooper",2022,"Browns","$4,896,000",2e+07,8,78,132,1160,14.9,55,18,9,0,0,0,0,17,169,9.9,"93.3%",0.590909090909091
"Amari Cooper",2023,"Browns","$23,776,000",2e+07,16,72,128,1250,17.4,75,21,5,0,0,0,1,15,155,10.3,"93.3%",0.5625
"Amari Rodgers",2021,"Packers","$890,891",1583564,178,4,8,45,11.3,19,0,0,1,11,0,0,16,5.6,0.4,"0.0%",0.5
"Amari Rodgers",2022,"Texans","$374,544",374544,127,16,25,204,12.8,37,3,1,2,7,0,2,15,23.1,1.5,"0.0%",0.64
"Amon-Ra St. Brown",2021,"Lions","$856,315",1445260,23,90,119,912,10.1,37,11,5,7,61,1,0,16,137.3,8.6,"99.8%",0.756302521008403
"Amon-Ra St. Brown",2022,"Lions","$1,021,315",825000,9,106,146,1161,11,49,11,6,9,95,0,0,16,161.6,10.1,"99.8%",0.726027397260274
"Amon-Ra St. Brown",2023,"Lions","$1,136,315",940000,3,119,164,1515,12.7,70,24,10,4,24,0,1,16,211.9,13.2,"99.8%",0.725609756097561
"Andre Baccellia",2022,"Cardinals","$78,333",78333,174,7,10,45,6.4,11,0,0,0,0,0,0,5,4.5,0.9,"0.0%",0.7
"Andre Baccellia",2023,"Cardinals","$120,000",120000,215,0,0,0,0,0,0,0,0,0,0,0,4,0,0,"0.0%",NA
"Andre Baccellia",2023,"Cardinals","$48,000",48000,215,0,0,0,0,0,0,0,0,0,0,0,4,0,0,"0.0%",NA
"Andre Roberts",2020,"Bills","$1,300,000",1300000,252,4,5,34,8.5,16,0,0,1,-3,0,2,15,-0.9,-0.1,"0.0%",0.8
"Andre Roberts",2021,"Chargers","$716,667",716667,171,1,2,35,35,35,1,0,3,19,0,2,16,7.4,0.5,"0.0%",0.5
"Andre Roberts",2022,"Panthers","$1,750,000",1750000,234,0,0,0,0,0,0,0,0,0,0,0,3,0,0,"0.0%",NA
"Andrei Iosivas",2023,"Bengals","$789,848",909392,104,15,25,116,7.7,16,0,4,0,0,0,0,16,35.6,2.2,"5.1%",0.6
"Andy Isabella",2020,"Cardinals","$1,052,243",705449,112,21,35,224,10.7,54,3,2,1,-6,0,0,13,33.8,2.6,"0.0%",0.6
"Andy Isabella",2021,"Cardinals","$1,262,692",915898,213,1,1,13,13,13,0,0,0,0,0,0,3,1.3,0.4,"0.0%",1
"Andy Isabella",2022,"Ravens","$326,122",326122,189,2,5,21,10.5,11,0,0,1,1,0,0,4,2.2,0.6,"0.0%",0.4
"Andy Isabella",2023,"Bills","$362,044",377600,209,0,0,0,0,0,0,0,0,0,0,0,2,0,0,"0.0%",NA
"Anthony Miller",2020,"Bears","$1,460,100",966700,84,49,76,485,9.9,34,4,2,2,12,0,1,16,59.7,3.7,"0.0%",0.644736842105263
"Anthony Miller",2021,"Steelers","$219,111",219111,167,6,12,25,4.2,10,0,1,0,0,0,0,3,8.5,2.8,"0.0%",0.5
"Anthony Schwartz",2021,"Browns","$884,186",1556744,133,10,23,135,13.5,44,1,1,6,39,0,0,13,23.4,1.8,"0.0%",0.434782608695652
"Anthony Schwartz",2022,"Browns","$1,105,233",881047,143,4,10,51,12.8,19,0,0,4,57,1,1,7,14.8,2.1,"0.0%",0.4
"Antoine Green",2023,"Lions","$779,190",866760,204,1,2,2,2,2,0,0,0,0,0,0,9,0.2,0,"0.0%",0.5
"Antoine Wesley",2021,"Cardinals","$619,167",660000,109,19,32,208,10.9,33,4,3,0,0,0,0,8,38.8,4.9,"0.0%",0.59375
"Antonio Brown",2020,"Buccaneers","$1,000,000",2e+06,66,45,62,483,10.7,46,6,4,2,-2,0,0,8,72.1,9,"0.8%",0.725806451612903
"Antonio Gandy-Golden",2020,"Commanders","$733,600",1104400,195,1,7,3,3,3,0,0,1,22,0,0,6,2.5,0.4,"0.0%",0.142857142857143
"Antonio Gandy-Golden",2021,"Commanders","$9,200",9200,228,0,0,0,0,0,0,0,0,0,0,0,1,0,0,"0.0%",NA
"Ashton Dulin",2020,"Colts","$630,882",630882,175,3,6,53,17.7,34,1,0,2,11,0,0,13,6.4,0.5,"0.0%",0.5
"Ashton Dulin",2021,"Colts","$850,000",850000,121,13,22,173,13.3,62,2,2,3,32,0,0,16,32.5,2,"0.0%",0.590909090909091
"Ashton Dulin",2022,"Colts","$2,433,000",2433000,121,15,22,207,13.8,39,2,1,2,8,0,0,10,27.5,2.8,"0.0%",0.681818181818182
"Auden Tate",2020,"Bengals","$750,000",750000,153,14,22,150,10.7,19,0,0,0,0,0,0,9,15,1.7,"0.0%",0.636363636363636
"Auden Tate",2021,"Bengals","$920,000",920000,164,3,4,39,13,18,0,1,0,0,0,0,4,9.9,2.5,"0.0%",0.75
"Austin Carr",2020,"Saints","$97,059",97059,170,3,4,27,9,11,0,1,0,0,0,0,6,8.7,1.5,"0.0%",0.75
"Austin Mack",2020,"Giants","$430,588",430588,167,7,11,91,13,50,1,0,0,0,0,0,11,9.1,0.8,"0.0%",0.636363636363636
"Austin Trammell",2022,"Rams","$235,000",235000,202,2,4,13,6.5,8,0,0,0,0,0,0,2,1.3,0.7,"0.0%",0.5
"Austin Trammell",2023,"Rams","$676,667",676667,199,4,7,29,7.3,14,0,0,0,0,0,1,15,0.9,0.1,"0.0%",0.571428571428571
"Binjimen Victor",2022,"Ravens","$57,500",57500,216,0,0,0,0,0,0,0,0,0,0,0,1,0,0,"0.0%",NA
"Bo Melton",2023,"Packers","$41,667",41667,113,16,24,218,13.6,37,3,1,3,21,0,0,4,29.9,7.5,"0.6%",0.666666666666667
"Brandin Cooks",2020,"Texans","$8,000,000",8e+06,16,81,119,1150,14.2,57,20,6,0,0,0,0,15,151,10.1,"20.8%",0.680672268907563
"Brandin Cooks",2021,"Texans","$5,647,059",13147059,21,90,134,1037,11.5,52,12,6,2,21,0,0,16,141.8,8.9,"20.8%",0.671641791044776
"Brandin Cooks",2022,"Texans","$9,749,847",18382353,48,57,93,699,12.3,44,13,3,2,7,0,0,13,88.6,6.8,"20.8%",0.612903225806452
"Brandin Cooks",2023,"Cowboys","$6,000,000",1.2e+07,35,54,81,657,12.2,37,11,8,5,35,0,0,16,119.2,7.5,"20.8%",0.666666666666667
"Brandon Aiyuk",2020,"49ers","$2,278,427",7283708,33,60,96,748,12.5,49,10,5,6,77,2,0,12,124.5,10.4,"60.6%",0.625
"Brandon Aiyuk",2021,"49ers","$2,848,034",1179607,34,56,84,826,14.8,43,16,5,5,17,0,1,17,114.3,6.7,"60.6%",0.666666666666667
"Brandon Aiyuk",2022,"49ers","$3,417,641",1749214,15,78,114,1015,13,54,17,8,2,23,0,1,17,149.8,8.8,"60.6%",0.684210526315789
"Brandon Aiyuk",2023,"49ers","$3,987,248",2318821,10,75,105,1342,17.9,76,28,7,0,0,0,1,16,174.2,10.9,"60.6%",0.714285714285714
"Brandon Johnson",2022,"Broncos","$235,000",235000,159,6,14,42,7,12,0,1,0,0,0,1,5,8.2,1.6,"0.0%",0.428571428571429
"Brandon Johnson",2023,"Broncos","$760,278",760278,79,19,30,284,14.9,50,6,4,0,0,0,0,13,54.4,4.2,"0.0%",0.633333333333333
"Brandon Powell",2020,"Falcons","$750,000",750000,142,12,18,69,5.8,13,0,2,2,7,0,1,15,17.6,1.2,"0.1%",0.666666666666667
"Brandon Powell",2021,"Rams","$51,111",51111,175,0,0,0,0,0,0,0,0,0,0,0,6,6,1,"0.1%",NA
"Brandon Powell",2022,"Rams","$895,000",1035000,126,24,32,156,6.5,16,0,0,17,80,0,0,17,23.6,1.4,"0.1%",0.75
"Brandon Powell",2023,"Vikings","$1,092,500",1232500,96,29,44,324,11.2,28,6,1,5,17,0,1,17,38.1,2.2,"0.1%",0.659090909090909
"Brandon Smith",2021,"Cowboys","$165,600",165600,241,0,0,0,0,0,0,0,0,0,0,0,1,0,0,"0.0%",NA
"Brandon Zylstra",2020,"Panthers","$750,000",750000,189,3,4,35,11.7,28,1,0,1,1,0,0,16,3.6,0.2,"0.0%",0.75
"Brandon Zylstra",2021,"Panthers","$920,000",920000,123,18,25,250,13.9,55,4,1,0,0,0,0,12,31,2.6,"0.0%",0.72
"Brandon Zylstra",2022,"Lions","$284,244",299800,240,0,0,0,0,0,0,0,0,0,0,0,2,0,0,"0.0%",NA
"Braxton Berrios",2020,"Jets","$675,000",675000,82,37,55,394,10.6,43,6,3,3,29,0,0,16,60.3,3.8,"0.2%",0.672727272727273
"Braxton Berrios",2021,"Jets","$850,000",850000,62,46,65,431,9.4,46,5,2,7,40,2,1,16,75.1,4.7,"0.2%",0.707692307692308
"Braxton Berrios",2022,"Jets","$3,767,500",6500000,106,18,32,145,8.1,25,2,0,9,91,2,0,17,39.7,2.3,"0.2%",0.5625
"Braxton Berrios",2023,"Dolphins","$3,500,000",3470588,112,27,33,238,8.8,22,1,1,1,11,0,0,16,30.9,1.9,"0.2%",0.818181818181818
"Braylon Sanders",2022,"Dolphins","$290,001",290001,246,2,3,17,8.5,13,0,0,0,0,0,1,2,-0.3,-0.2,"0.0%",0.666666666666667
"Breshad Perriman",2020,"Jets","$6,437,500",6500000,70,30,60,505,16.8,53,10,3,1,6,0,0,12,69.1,5.8,"0.0%",0.5
"Breshad Perriman",2021,"Buccaneers","$330,000",330000,136,11,18,167,15.2,58,3,1,1,-3,0,0,5,22.4,4.5,"0.0%",0.611111111111111
"Breshad Perriman",2022,"Buccaneers","$1,047,500",1272500,145,9,19,110,12.2,28,2,1,2,-7,0,1,8,14.3,1.8,"0.0%",0.473684210526316
"Britain Covey",2022,"Eagles","$587,500",587500,230,0,0,0,0,0,0,0,0,0,0,0,17,0,0,"0.1%",NA
"Britain Covey",2023,"Eagles","$773,333",773333,181,4,6,42,10.5,22,1,0,0,0,0,0,16,4.2,0.3,"0.1%",0.666666666666667
"Bryan Edwards",2020,"Raiders","$853,174",1582696,129,11,15,193,17.5,34,5,1,0,0,0,0,12,25.3,2.1,"0.0%",0.733333333333333
"Bryan Edwards",2021,"Raiders","$1,066,468",823294,61,34,59,571,16.8,51,11,3,1,0,0,0,16,75.1,4.7,"0.0%",0.576271186440678
"Byron Pringle",2020,"Chiefs","$630,883",630883,121,13,17,160,12.3,37,3,1,0,0,0,0,12,28,2.3,"0.0%",0.764705882352941
"Byron Pringle",2021,"Chiefs","$2,133,000",2133000,53,42,60,568,13.5,40,11,5,0,0,0,1,16,84.8,5.3,"0.0%",0.7
"Byron Pringle",2022,"Bears","$4,125,000",4080882,123,10,16,135,13.5,35,3,2,0,0,0,0,10,25.5,2.6,"0.0%",0.625
"Byron Pringle",2023,"Commanders","$940,000",1080000,149,14,22,161,11.5,26,1,0,0,0,0,1,16,14.1,0.9,"0.0%",0.636363636363636
"C.J. Board",2020,"Giants","$675,000",675000,165,11,16,101,9.2,16,0,0,1,3,0,0,14,10.4,0.7,"0.0%",0.6875
"C.J. Board",2021,"Giants","$531,111",531111,177,4,6,51,12.8,38,1,0,1,6,0,0,6,5.7,1,"0.0%",0.666666666666667
"C.J. Board",2022,"Titans","$326,667",326667,209,1,1,6,6,6,0,0,0,0,0,0,4,0.6,0.2,"0.0%",1
"C.J. Saunders",2021,"Panthers","$165,600",165600,214,2,2,11,5.5,8,0,0,0,0,0,0,1,1.1,1.1,"0.0%",1
"Cade Johnson",2022,"Seahawks","$290,001",290001,191,2,4,21,10.5,11,0,0,0,0,0,0,2,2.1,1.1,"0.0%",0.5
"Calvin Austin III",2023,"Steelers","$876,084",750000,103,17,30,180,10.6,72,1,1,11,57,1,0,17,35.7,2.1,"1.7%",0.566666666666667
"Calvin Ridley",2020,"Falcons","$2,972,927",1470976,4,90,143,1374,15.3,63,23,9,5,1,0,1,15,191.5,12.8,"79.4%",0.629370629370629
"Calvin Ridley",2021,"Falcons","$3,468,415",1966464,107,31,52,281,9.1,22,3,2,0,0,0,0,5,40.1,8,"79.4%",0.596153846153846
"Calvin Ridley",2023,"Jaguars","$11,116,000",11116000,17,76,136,1016,13.4,59,17,8,9,23,0,0,17,153.9,9.1,"79.4%",0.558823529411765
"Cam Sims",2020,"Commanders","$595,588",595588,91,32,48,477,14.9,50,9,1,1,5,0,0,16,54.2,3.4,"0.0%",0.666666666666667
"Cam Sims",2021,"Commanders","$2,133,000",2133000,118,15,23,211,14.1,43,2,2,1,7,0,0,12,33.8,2.8,"0.0%",0.652173913043478
"Cam Sims",2022,"Commanders","$2,590,001",2590000,157,8,18,89,11.1,21,1,0,0,0,0,0,13,8.9,0.7,"0.0%",0.444444444444444
"Cameron Batson",2020,"Titans","$357,353",357353,141,12,13,100,8.3,18,0,1,4,20,0,0,12,18,1.5,"0.0%",0.923076923076923
"Cameron Batson",2021,"Titans","$593,333",593333,166,2,5,15,7.5,13,0,1,2,15,0,0,4,9,2.3,"0.0%",0.4
"Cedric Tillman",2023,"Browns","$1,020,084",1830336,129,21,44,224,10.7,23,1,0,1,8,0,0,14,23.2,1.7,"57.8%",0.477272727272727
"Cedrick Wilson Jr.",2020,"Cowboys","$675,000",675000,111,17,28,189,11.1,42,2,2,3,-12,0,0,16,34.6,2.2,"0.3%",0.607142857142857
"Cedrick Wilson Jr.",2021,"Cowboys","$2,183,000",2183000,42,45,61,602,13.4,73,8,6,2,11,0,0,14,102.8,7.3,"0.3%",0.737704918032787
"Cedrick Wilson Jr.",2022,"Dolphins","$5,750,000",7750000,144,12,18,136,11.3,21,2,0,1,8,0,0,13,14.4,1.1,"0.3%",0.666666666666667
"Cedrick Wilson Jr.",2023,"Dolphins","$4,500,000",5e+06,88,22,38,296,13.5,31,5,3,0,0,0,0,15,47.6,3.2,"0.3%",0.578947368421053
"CeeDee Lamb",2020,"Cowboys","$2,547,275",8359100,20,74,111,935,12.6,52,18,5,10,82,1,1,16,143.7,9,"99.8%",0.666666666666667
"CeeDee Lamb",2021,"Cowboys","$3,184,094",1246819,14,79,120,1102,13.9,49,20,6,9,76,0,0,16,153.8,9.6,"99.8%",0.658333333333333
"CeeDee Lamb",2022,"Cowboys","$3,820,913",1883638,6,107,156,1359,12.7,39,24,9,10,47,0,0,17,194.6,11.4,"99.8%",0.685897435897436
"CeeDee Lamb",2023,"Cowboys","$4,457,732",2520457,1,135,181,1749,13,92,29,12,14,113,2,2,17,268.2,15.8,"99.8%",0.74585635359116
"Chad Beebe",2020,"Vikings","$750,000",750000,117,20,30,201,10.1,40,1,2,0,0,0,1,14,30.1,2.2,"0.0%",0.666666666666667
"Chad Hansen",2020,"Texans","$119,118",119118,118,17,24,236,13.9,38,3,1,0,0,0,0,5,29.6,5.9,"0.0%",0.708333333333333
"Charlie Jones",2023,"Bengals","$803,027",1312109,152,7,9,64,9.1,35,1,0,2,13,0,0,11,13.7,1.2,"0.1%",0.777777777777778
"Chase Claypool",2020,"Steelers","$1,203,025",2982100,14,62,109,873,14.1,84,14,9,10,16,2,1,16,152.9,9.6,"1.0%",0.568807339449541
"Chase Claypool",2021,"Steelers","$1,503,781",910756,36,59,105,860,14.6,59,13,2,14,96,0,0,15,107.6,7.2,"1.0%",0.561904761904762
"Chase Claypool",2022,"Bears","$673,062",673062,78,46,79,451,9.8,31,7,1,9,59,0,1,15,59,3.9,"1.0%",0.582278481012658
"Chase Claypool",2023,"Dolphins","$2,327,889",2327889,153,8,21,77,9.6,20,1,1,0,0,0,0,11,13.7,1.2,"1.0%",0.380952380952381
"Chase Cota",2023,"Texans","$48,000",48000,223,0,0,0,0,0,0,0,0,0,0,0,1,0,0,"0.0%",NA
"Chester Rogers",2021,"Titans","$850,000",990000,114,30,43,301,10,39,3,1,1,9,0,1,16,35,2.2,"0.0%",0.697674418604651
"Chris Blair",2023,"Falcons","$209,667",209667,229,0,0,0,0,0,0,0,0,0,0,0,1,0,0,"0.0%",NA
"Chris Conley",2020,"Jaguars","$3,745,000",2892188,88,40,63,471,11.8,51,5,2,0,0,0,1,15,57.1,3.8,"0.1%",0.634920634920635
"Chris Conley",2021,"Texans","$1,500,000",1700000,104,22,37,323,14.7,41,5,2,1,3,0,1,14,42.6,3,"0.1%",0.594594594594595
"Chris Conley",2022,"Titans","$311,111",311111,173,4,7,46,11.5,27,1,0,0,0,0,0,4,4.6,1.2,"0.1%",0.571428571428571
"Chris Conley",2023,"49ers","$261,111",323611,172,3,6,69,23,48,1,0,0,0,0,0,8,6.9,0.9,"0.1%",0.5
"Chris Godwin",2020,"Buccaneers","$2,331,041",2133000,30,65,84,840,12.9,47,13,7,0,0,0,0,12,126,10.5,"48.8%",0.773809523809524
"Chris Godwin",2021,"Buccaneers","$15,983,000",15983000,19,98,127,1103,11.3,44,15,5,4,21,1,2,14,144.4,10.3,"48.8%",0.771653543307087
"Chris Godwin",2022,"Buccaneers","$5,000,000",2e+07,26,104,142,1023,9.8,44,10,3,3,5,0,2,15,118.8,7.9,"48.8%",0.732394366197183
"Chris Godwin",2023,"Buccaneers","$8,614,000",2e+07,32,83,130,1024,12.3,47,14,2,4,38,1,0,17,126.2,7.4,"48.8%",0.638461538461538
"Chris Moore",2020,"Ravens","$1,047,500",1672500,250,0,0,0,0,0,0,0,0,0,0,0,3,0,0,"0.0%",NA
"Chris Moore",2021,"Texans","$688,611",688611,115,21,22,227,10.8,67,4,2,0,0,0,0,10,34.7,3.5,"0.0%",0.954545454545455
"Chris Moore",2022,"Texans","$1,047,500",1187500,66,48,74,548,11.4,52,9,2,3,3,0,0,15,67.1,4.5,"0.0%",0.648648648648649
"Chris Moore",2023,"Titans","$1,092,500",1317500,89,22,35,424,19.3,49,9,0,2,39,0,0,17,46.3,2.7,"0.0%",0.628571428571429
"Chris Olave",2022,"Saints","$3,503,977",11900908,23,72,119,1042,14.5,53,13,4,0,0,0,2,15,126.2,8.4,"97.4%",0.605042016806723
"Chris Olave",2023,"Saints","$4,379,971",1580994,24,87,138,1123,12.9,51,16,5,0,0,0,0,16,144.3,9,"97.4%",0.630434782608696
"Chris Rowland",2020,"Falcons","$197,764",197764,217,0,0,0,0,0,0,0,0,0,0,0,2,0,0,"0.0%",NA
"Christian Blake",2020,"Falcons","$675,000",675000,154,13,18,141,10.8,25,3,0,0,0,0,0,16,14.1,0.9,"0.0%",0.722222222222222
"Christian Blake",2021,"Falcons","$850,000",850000,201,4,10,25,6.3,8,0,0,0,0,0,0,10,2.5,0.3,"0.0%",0.4
"Christian Kirk",2020,"Cardinals","$1,607,693",1015898,51,48,79,621,12.9,80,7,6,2,3,0,0,14,98.4,7,"54.9%",0.607594936708861
"Christian Kirk",2021,"Cardinals","$3,024,795",2433000,28,77,103,982,12.8,50,16,5,1,11,0,0,17,130.6,7.7,"54.9%",0.747572815533981
"Christian Kirk",2022,"Jaguars","$7,500,000",2.4e+07,11,84,133,1108,13.2,49,18,8,5,11,0,1,17,157.9,9.3,"54.9%",0.631578947368421
"Christian Kirk",2023,"Jaguars","$11,464,000",16352941,47,57,85,787,13.8,57,13,3,1,6,0,2,12,93.3,7.8,"54.9%",0.670588235294118
"Christian Watson",2022,"Packers","$1,680,186",4605744,25,41,65,611,14.9,63,8,7,7,80,2,0,14,123.1,8.8,"54.0%",0.630769230769231
"Christian Watson",2023,"Packers","$2,100,233",1125047,60,28,53,422,15.1,77,5,5,4,11,0,0,9,73.3,8.1,"54.0%",0.528301886792453
"Cody Hollister",2020,"Titans","$165,706",165706,207,1,1,12,12,12,0,0,0,0,0,0,2,1.2,0.6,"0.0%",1
"Cody Hollister",2021,"Titans","$107,733",107733,196,4,7,33,8.3,14,0,0,0,0,0,0,3,3.3,1.1,"0.0%",0.571428571428571
"Cody Hollister",2022,"Titans","$779,722",779722,171,3,5,54,18,27,2,0,0,0,0,0,6,5.4,0.9,"0.0%",0.6
"Cody Thompson",2021,"Seahawks","$275,468",275468,253,0,0,0,0,0,0,0,0,0,0,0,2,0,0,"0.0%",NA
"Cody Thompson",2022,"Seahawks","$455,000",455000,219,0,0,0,0,0,0,0,0,0,0,0,1,0,0,"0.0%",NA
"Cody Thompson",2023,"Seahawks","$156,333",156333,198,1,1,10,10,10,0,0,0,0,0,0,6,1,0.2,"0.0%",1
"Cody White",2021,"Steelers","$660,000",660000,197,5,6,33,6.6,11,0,0,0,0,0,0,6,3.3,0.6,"0.0%",0.833333333333333
"Cody White",2022,"Steelers","$241,333",241333,213,1,1,2,2,2,0,0,0,0,0,0,1,0.2,0.2,"0.0%",1
"Cole Beasley",2020,"Bills","$7,068,750",5568750,31,82,107,967,11.8,35,15,4,0,0,0,0,15,125.5,8.4,"0.0%",0.766355140186916
"Cole Beasley",2021,"Bills","$7,570,588",5900000,58,82,112,693,8.5,29,5,1,0,0,0,0,16,77.3,4.8,"0.0%",0.732142857142857
"Cole Beasley",2022,"Bills","$0",0,179,6,8,35,5.8,9,0,0,0,0,0,0,5,3.5,0.7,"0.0%",0.75
"Collin Johnson",2020,"Jaguars","$674,435",904799,105,18,31,272,15.1,46,5,2,0,0,0,0,14,41.2,2.9,"0.0%",0.580645161290323
"Collin Johnson",2021,"Giants","$780,000",780000,160,11,21,105,9.5,16,0,0,0,0,0,0,8,10.5,1.3,"0.0%",0.523809523809524
"Collin Johnson",2023,"Bears","$52,222",52222,197,1,1,11,11,11,0,0,0,0,0,0,3,1.1,0.4,"0.0%",1
"Colton Dowell",2023,"Titans","$759,007",836029,202,1,2,3,3,3,0,0,0,0,0,0,9,0.3,0,"0.0%",0.5
"Cooper Kupp",2020,"Rams","$3,371,690",7633000,34,92,124,974,10.6,55,12,3,4,33,0,1,15,116.7,7.8,"98.3%",0.741935483870968
"Cooper Kupp",2021,"Rams","$5,300,000",1.3e+07,1,145,191,1947,13.4,59,30,16,4,18,0,0,17,294.5,17.3,"98.3%",0.759162303664921
"Cooper Kupp",2022,"Rams","$17,800,000",3e+07,22,75,98,812,10.8,75,11,6,9,52,1,1,9,126.4,14,"98.3%",0.76530612244898
"Cooper Kupp",2023,"Rams","$17,360,000",2e+07,42,59,95,737,12.5,62,10,5,1,-3,0,0,12,105.4,8.8,"98.3%",0.621052631578947
"Corey Davis",2020,"Titans","$8,170,148",4017921,29,65,92,984,15.1,75,14,5,0,0,0,1,14,126.4,9,"0.0%",0.706521739130435
"Corey Davis",2021,"Jets","$12,666,666",1.4e+07,64,34,59,492,14.5,53,9,4,0,0,0,1,9,71.2,7.9,"0.0%",0.576271186440678
"Corey Davis",2022,"Jets","$13,666,666",1.3e+07,70,32,64,536,16.8,66,7,2,0,0,0,0,13,65.6,5,"0.0%",0.5
"Courtland Sutton",2020,"Broncos","$1,865,981",1101994,174,3,6,66,22,45,2,0,0,0,0,0,1,6.6,6.6,"78.8%",0.5
"Courtland Sutton",2021,"Broncos","$4,146,987",8183000,48,58,98,776,13.4,55,9,2,0,0,0,0,17,92.2,5.4,"78.8%",0.591836734693878
"Courtland Sutton",2022,"Broncos","$5,325,000",1.2e+07,45,64,109,829,13,51,11,2,1,5,0,0,15,95.4,6.4,"78.8%",0.587155963302752
"Courtland Sutton",2023,"Broncos","$18,295,588",14570588,28,59,90,772,13.1,46,14,10,0,0,0,3,16,131.2,8.2,"78.8%",0.655555555555556
"Curtis Samuel",2020,"Panthers","$2,053,437",1345044,25,77,97,851,11.1,44,12,3,41,200,2,0,15,135.1,9,"11.7%",0.793814432989691
"Curtis Samuel",2021,"Commanders","$3,775,000",1.3e+07,188,6,9,27,4.5,10,0,0,4,11,0,0,5,3.8,0.8,"11.7%",0.666666666666667
"Curtis Samuel",2022,"Commanders","$12,900,000",10500000,35,64,92,656,10.3,49,10,4,38,187,1,1,17,112.3,6.6,"11.7%",0.695652173913043
"Curtis Samuel",2023,"Commanders","$13,000,000",10600000,46,62,91,613,9.9,37,7,4,7,39,1,0,16,95.2,6,"11.7%",0.681318681318681
"D.J. Montgomery",2021,"Jets","$220,534",220534,192,3,6,36,12,14,0,0,0,0,0,0,2,3.6,1.8,"0.0%",0.5
"D.J. Montgomery",2023,"Colts","$193,333",193333,156,3,8,56,18.7,34,1,1,0,0,0,0,7,11.6,1.7,"0.0%",0.375
"DaeSean Hamilton",2020,"Broncos","$920,660",750000,107,23,44,293,12.7,40,2,2,0,0,0,1,16,39.3,2.5,"0.0%",0.522727272727273
"Damiere Byrd",2020,"Patriots","$1,521,875",1600000,73,47,77,604,12.9,42,10,1,2,15,0,0,16,67.9,4.2,"0.0%",0.61038961038961
"Damiere Byrd",2021,"Bears","$987,500",1127500,108,26,38,329,12.7,54,3,1,0,0,0,1,11,38.9,3.5,"0.0%",0.684210526315789
"Damiere Byrd",2022,"Falcons","$1,047,500",1187500,108,13,23,268,20.6,75,3,2,0,0,0,0,12,38.8,3.2,"0.0%",0.565217391304348
"Damiere Byrd",2023,"Texans","$0",0,247,0,2,0,0,0,0,0,0,0,0,0,1,0,0,"0.0%",0
"Damion Ratley",2020,"Texans","$44,118",44118,177,4,10,63,15.8,29,1,0,0,0,0,0,5,6.3,1.3,"0.0%",0.4
"Dan Chisena",2020,"Vikings","$613,333",620000,224,0,0,0,0,0,0,0,0,0,0,0,14,0,0,"0.0%",NA
"Dan Chisena",2021,"Vikings","$563,333",563333,225,0,0,0,0,0,0,0,0,0,0,0,2,0,0,"0.0%",NA
"Dan Chisena",2022,"Vikings","$283,444",283444,222,0,0,0,0,0,0,0,0,0,0,0,2,0,0,"0.0%",NA
"Dan Chisena",2023,"Ravens","$0",0,214,0,0,0,0,0,0,0,0,0,0,0,1,0,0,"0.0%",NA
"Dan Chisena",2023,"Cardinals","$180,666",180666,214,0,0,0,0,0,0,0,0,0,0,0,1,0,0,"0.0%",NA
"Danny Amendola",2020,"Lions","$4,968,750",5e+06,81,46,69,602,13.1,50,8,0,1,2,0,0,14,60.4,4.3,"0.0%",0.666666666666667
"Danny Amendola",2021,"Texans","$1,747,059",1658824,98,24,38,248,10.3,39,4,3,0,0,0,0,8,44.8,5.6,"0.0%",0.631578947368421
"Danny Gray",2022,"49ers","$917,255",1554020,194,1,7,10,10,10,0,0,1,9,0,0,7,1.9,0.3,"0.0%",0.142857142857143
"Dante Pettis",2020,"Giants","$509,225",509225,159,4,6,76,19,33,2,1,0,0,0,1,7,11.6,1.7,"0.0%",0.666666666666667
"Dante Pettis",2021,"Giants","$374,444",374444,149,10,16,87,8.7,27,1,1,0,0,0,0,3,15.3,5.1,"0.0%",0.625
"Dante Pettis",2022,"Bears","$895,000",1035000,95,19,41,245,12.9,51,2,3,2,37,0,0,17,46.2,2.7,"0.0%",0.463414634146341
"Dareke Young",2022,"Seahawks","$730,275",806100,186,2,2,24,12,12,0,0,0,0,0,0,7,2.4,0.3,"0.0%",1
"Dareke Young",2023,"Seahawks","$697,775",672500,233,0,0,0,0,0,0,0,0,0,0,0,5,0,0,"0.0%",NA
"Darius Slayton",2020,"Giants","$733,721",675000,56,50,96,751,15,41,10,3,2,-1,0,1,16,91,5.7,"18.6%",0.520833333333333
"Darius Slayton",2021,"Giants","$908,721",850000,103,26,58,339,13,42,4,2,1,-13,0,1,13,42.6,3.3,"18.6%",0.448275862068966
"Darius Slayton",2022,"Giants","$1,023,721",965000,51,46,71,724,15.7,55,12,2,0,0,0,1,13,82.4,6.3,"18.6%",0.647887323943662
"Darius Slayton",2023,"Giants","$4,250,000",6200000,44,50,79,770,15.4,80,11,4,0,0,0,0,17,101,5.9,"18.6%",0.632911392405063
"Darnell Mooney",2020,"Bears","$680,512",892048,55,61,98,631,10.3,53,6,4,4,20,0,0,16,91.1,5.7,"74.5%",0.622448979591837
"Darnell Mooney",2021,"Bears","$850,512",780000,22,81,140,1055,13,64,14,4,6,32,1,0,17,138.7,8.2,"74.5%",0.578571428571429
"Darnell Mooney",2022,"Bears","$965,512",895000,74,40,61,493,12.3,56,7,2,1,2,0,0,11,61.5,5.6,"74.5%",0.655737704918033
"Darnell Mooney",2023,"Bears","$3,063,512",2993000,86,31,61,414,13.4,41,7,1,2,5,0,0,15,47.9,3.2,"74.5%",0.508196721311475
"Daurice Fountain",2020,"Colts","$106,906",106906,196,2,3,23,11.5,12,0,0,0,0,0,0,5,2.3,0.5,"0.0%",0.666666666666667
"Daurice Fountain",2021,"Chiefs","$195,644",195644,255,0,0,0,0,0,0,0,0,0,0,0,1,0,0,"0.0%",NA
"Davante Adams",2020,"Packers","$16,475,000",1.3e+07,1,115,149,1374,11.9,56,18,18,0,0,0,1,14,243.4,17.4,"98.7%",0.771812080536913
"Davante Adams",2021,"Packers","$16,787,500",13250000,5,123,169,1553,12.6,59,19,11,0,0,0,0,16,221.3,13.8,"98.7%",0.727810650887574
"Davante Adams",2022,"Raiders","$12,210,000",43600000,2,100,180,1516,15.2,60,24,14,3,-1,0,0,17,235.5,13.9,"98.7%",0.555555555555556
"Davante Adams",2023,"Raiders","$14,740,000",6640000,14,103,175,1144,11.1,46,13,8,0,0,0,0,17,162.4,9.6,"98.7%",0.588571428571429
"David Bell",2022,"Browns","$917,255",1554020,131,24,35,214,8.9,20,1,0,0,0,0,0,15,21.4,1.4,"0.0%",0.685714285714286
"David Bell",2023,"Browns","$1,146,569",934314,106,14,23,167,11.9,41,3,3,0,0,0,0,15,34.7,2.3,"0.0%",0.608695652173913
"David Moore",2020,"Seahawks","$900,000",9e+05,59,35,47,417,11.9,57,5,6,8,61,0,0,16,83.8,5.2,"0.1%",0.74468085106383
"David Moore",2021,"Packers","$69,000",69000,250,0,2,0,0,0,0,0,0,0,0,0,2,0,0,"0.1%",0
"David Moore",2021,"Browns","$165,600",165600,250,0,2,0,0,0,0,0,0,0,0,0,2,0,0,"0.1%",0
"David Moore",2023,"Buccaneers","$208,889",240000,145,5,7,94,18.8,52,1,1,0,0,0,0,7,15.4,2.2,"0.1%",0.714285714285714
"Davion Davis",2021,"Texans","$531,111",531111,207,1,3,17,17,17,0,0,0,0,0,0,2,1.7,0.9,"0.0%",0.333333333333333
"Dax Milne",2021,"Commanders","$679,316",737264,174,9,14,83,9.2,22,1,0,1,1,0,1,9,6.4,0.7,"0.0%",0.642857142857143
"Dax Milne",2022,"Commanders","$844,316",825000,156,6,7,37,6.2,12,0,1,0,0,0,0,15,9.7,0.6,"0.0%",0.857142857142857
"Dax Milne",2023,"Commanders","$959,316",940000,227,0,0,0,0,0,0,0,0,0,0,0,1,0,0,"0.0%",NA
"Daylen Baldwin",2022,"Browns","$234,667",234667,185,2,2,25,12.5,15,0,0,0,0,0,0,1,2.5,2.5,"0.0%",1
"Dazz Newsome",2021,"Bears","$36,667",36667,204,2,5,23,11.5,13,0,0,0,0,0,0,3,2.3,0.8,"0.0%",0.4
"DeAndre Carter",2020,"Bears","$308,824",308824,253,1,2,8,8,8,0,0,0,0,0,1,13,-1.2,-0.1,"0.1%",0.5
"DeAndre Carter",2021,"Commanders","$970,000",970000,71,24,44,296,12.3,26,5,3,10,89,0,0,17,62.5,3.7,"0.1%",0.545454545454545
"DeAndre Carter",2022,"Chargers","$1,135,000",1735000,68,46,65,538,11.7,35,10,3,2,-15,0,2,17,66.3,3.9,"0.1%",0.707692307692308
"DeAndre Carter",2023,"Raiders","$1,500,000",1500000,177,4,7,39,9.8,16,0,0,3,18,0,0,17,5.7,0.3,"0.1%",0.571428571428571
"DeAndre Hopkins",2020,"Cardinals","$7,000,000",2.9e+07,10,115,160,1407,12.2,60,17,6,1,1,0,2,16,172.8,10.8,"84.6%",0.71875
"DeAndre Hopkins",2021,"Cardinals","$12,500,000",13750000,39,42,64,572,13.6,55,7,8,0,0,0,0,10,105.2,10.5,"84.6%",0.65625
"DeAndre Hopkins",2022,"Cardinals","$15,733,333",15083333,49,64,96,717,11.2,33,8,3,0,0,0,1,9,87.7,9.7,"84.6%",0.666666666666667
"DeAndre Hopkins",2023,"Titans","$4,568,000",1.4e+07,20,75,137,1057,14.1,61,15,7,2,9,0,0,17,148.6,8.7,"84.6%",0.547445255474453
"Dede Westbrook",2020,"Jaguars","$2,302,041",2133000,254,1,1,4,4,4,0,0,0,0,0,1,2,-1.6,-0.8,"0.0%",1
"Dede Westbrook",2021,"Vikings","$987,500",1127500,172,10,15,68,6.8,17,0,0,0,0,0,0,15,6.8,0.5,"0.0%",0.666666666666667
"Demarcus Robinson",2020,"Chiefs","$1,047,500",2297500,78,45,59,466,10.4,28,7,3,0,0,0,1,15,62.6,4.2,"25.6%",0.76271186440678
"Demarcus Robinson",2021,"Chiefs","$987,500",1127500,99,25,41,264,10.6,33,3,3,0,0,0,0,15,44.4,3,"25.6%",0.609756097560976
"Demarcus Robinson",2022,"Ravens","$895,000",1035000,80,48,75,458,9.5,31,4,2,0,0,0,1,16,55.8,3.5,"25.6%",0.64
"Demarcus Robinson",2023,"Rams","$940,000",1165000,73,26,39,371,14.3,37,7,4,1,23,0,1,13,61.4,4.7,"25.6%",0.666666666666667
"Dennis Houston",2022,"Cowboys","$184,000",184000,197,2,6,16,8,11,0,0,0,0,0,0,2,1.6,0.8,"0.0%",0.333333333333333
"Denzel Mims",2020,"Jets","$987,945",2121780,108,23,44,357,15.5,30,6,0,0,0,0,0,9,37.7,4.2,"0.0%",0.522727272727273
"Denzel Mims",2021,"Jets","$1,234,931",856986,153,8,23,133,16.6,40,3,0,0,0,0,0,10,13.3,1.3,"0.0%",0.347826086956522
"Denzel Mims",2022,"Jets","$1,481,917",1103972,138,11,25,186,16.9,63,2,0,0,0,0,0,9,18.6,2.1,"0.0%",0.44
"Deon Cain",2020,"Steelers","$205,412",205412,243,0,0,0,0,0,0,0,0,0,0,0,2,0,0,"0.0%",NA
"Deontay Burnett",2020,"Eagles","$197,765",197765,201,3,4,19,6.3,10,0,0,0,0,0,0,2,1.9,1,"0.0%",0.75
"Deonte Harty",2020,"Saints","$634,215",630882,124,20,25,186,9.3,40,1,1,6,51,0,1,9,27.7,3.1,"0.1%",0.8
"Deonte Harty",2021,"Saints","$711,667",708333,59,36,59,570,15.8,72,5,3,5,41,0,1,13,77.1,5.9,"0.1%",0.610169491525424
"Deonte Harty",2022,"Saints","$2,582,977",3986000,248,2,2,13,6.5,9,0,0,0,0,0,1,4,-0.7,-0.2,"0.1%",1
"Deonte Harty",2023,"Bills","$3,984,500",5629000,122,15,21,150,10,43,2,1,4,0,0,1,16,25,1.6,"0.1%",0.714285714285714
"Derius Davis",2023,"Chargers","$927,982",1461928,133,15,17,66,4.4,18,0,0,14,101,0,1,17,20.7,1.2,"0.1%",0.882352941176471
"Derrick Willies",2020,"Browns","$90,106",90106,241,0,0,0,0,0,0,0,0,0,0,0,1,0,0,"0.0%",NA
"DeSean Jackson",2020,"Eagles","$8,659,000",9e+06,115,14,26,236,16.9,81,3,1,1,12,0,0,5,30.8,6.2,"0.6%",0.538461538461538
"DeSean Jackson",2021,"Raiders","$1,000,000",1e+06,83,20,34,454,22.7,75,6,2,1,4,0,1,14,55.8,4,"0.6%",0.588235294117647
"DeVante Parker",2020,"Dolphins","$6,100,000",6162500,46,63,103,793,12.6,31,10,4,0,0,0,0,14,103.3,7.4,"0.0%",0.611650485436893
"DeVante Parker",2021,"Dolphins","$12,112,500",8350000,70,40,73,515,12.9,42,7,2,0,0,0,0,10,63.5,6.4,"0.0%",0.547945205479452
"DeVante Parker",2022,"Patriots","$6,156,250",6156250,58,31,47,539,17.4,43,10,3,0,0,0,0,13,71.9,5.5,"0.0%",0.659574468085106
"DeVante Parker",2023,"Patriots","$3,686,666",7120000,94,33,55,394,11.9,30,6,0,0,0,0,0,13,39.4,3,"0.0%",0.6
"Deven Thompkins",2022,"Buccaneers","$117,500",117500,168,5,10,32,6.4,13,0,0,2,26,0,0,5,5.8,1.2,"0.0%",0.5
"Deven Thompkins",2023,"Buccaneers","$870,000",870000,140,17,25,83,4.9,26,1,1,8,56,0,1,17,17.9,1.1,"0.0%",0.68
"Devin Duvernay",2020,"Ravens","$831,966",1497864,114,20,26,201,10.1,39,1,0,4,70,0,0,16,33.1,2.1,"0.1%",0.769230769230769
"Devin Duvernay",2021,"Ravens","$1,039,958",817992,100,33,47,272,8.2,21,1,2,7,50,0,0,16,44.2,2.8,"0.1%",0.702127659574468
"Devin Duvernay",2022,"Ravens","$1,227,966",1006000,53,37,49,407,11,31,6,3,12,84,1,0,14,79.1,5.7,"0.1%",0.755102040816326
"Devin Duvernay",2023,"Ravens","$4,525,966",4304000,183,4,9,18,4.5,10,0,0,4,15,0,0,13,3.3,0.3,"0.1%",0.444444444444444
"Devin Smith",2021,"Jaguars","$275,111",275111,258,0,1,0,0,0,0,0,0,0,0,0,1,0,0,"0.0%",0
"Devon Allen",2023,"Eagles","$275,334",275334,234,0,0,0,0,0,0,0,0,0,0,0,1,0,0,"0.0%",NA
"DeVonta Smith",2021,"Eagles","$3,662,071",12668284,30,64,104,916,14.3,46,16,5,0,0,0,1,17,121.6,7.2,"97.0%",0.615384615384615
"DeVonta Smith",2022,"Eagles","$4,577,589",1575518,10,95,136,1196,12.6,45,18,7,0,0,0,1,17,159.6,9.4,"97.0%",0.698529411764706
"DeVonta Smith",2023,"Eagles","$5,493,107",2491036,22,81,112,1066,13.2,63,14,7,0,0,0,1,16,146.6,9.2,"97.0%",0.723214285714286
"Dez Bryant",2020,"Ravens","$264,706",370588,147,6,11,47,7.8,16,0,2,0,0,0,0,6,16.7,2.8,"2.6%",0.545454545454545
"Dez Fitzpatrick",2021,"Titans","$316,389",316389,159,5,8,49,9.8,18,0,1,0,0,0,0,3,10.9,3.6,"0.0%",0.625
"Dezmon Patmon",2020,"Colts","$447,353",544412,215,0,0,0,0,0,0,0,0,0,0,0,1,0,0,"0.0%",NA
"Dezmon Patmon",2021,"Colts","$661,242",628889,168,2,4,21,10.5,14,0,1,0,0,0,0,4,8.1,2,"0.0%",0.5
"Dezmon Patmon",2022,"Bills","$0",0,187,2,6,24,12,17,0,0,0,0,0,0,1,2.4,2.4,"0.0%",0.333333333333333
"Dezmon Patmon",2022,"Colts","$199,222",199222,187,2,6,24,12,17,0,0,0,0,0,0,1,2.4,2.4,"0.0%",0.333333333333333
"Dillon Stoner",2021,"Raiders","$73,467",73467,243,0,0,0,0,0,0,0,0,0,0,0,2,0,0,"0.0%",NA
"Diontae Johnson",2020,"Steelers","$972,946",689589,26,88,144,923,10.5,47,10,7,3,15,0,1,15,133.8,8.9,"85.1%",0.611111111111111
"Diontae Johnson",2021,"Steelers","$1,167,535",884178,12,107,169,1161,10.9,50,14,8,5,53,0,2,16,167.4,10.5,"85.1%",0.633136094674556
"Diontae Johnson",2022,"Steelers","$7,616,690",1.9e+07,46,86,147,882,10.3,37,7,0,7,25,0,0,17,94.7,5.6,"85.1%",0.585034013605442
"Diontae Johnson",2023,"Steelers","$16,333,333",10500000,43,51,87,717,14.1,71,10,5,0,0,0,0,13,101.7,7.8,"85.1%",0.586206896551724
"Diontae Spencer",2020,"Broncos","$675,000",675000,163,3,6,26,8.7,10,0,0,3,19,0,0,11,10.5,1,"0.0%",0.5
"Diontae Spencer",2021,"Broncos","$850,000",850000,266,1,4,-3,-3,0,0,0,0,0,0,2,15,-4.3,-0.3,"0.0%",0.25
"Donovan Peoples-Jones",2020,"Browns","$656,652",796608,101,14,20,304,21.7,75,4,2,0,0,0,0,12,44.4,3.7,"0.0%",0.7
"Donovan Peoples-Jones",2021,"Browns","$826,652",780000,60,34,58,597,17.6,60,12,3,0,0,0,1,14,75.7,5.4,"0.0%",0.586206896551724
"Donovan Peoples-Jones",2022,"Browns","$941,652",895000,39,61,96,839,13.8,42,14,3,1,2,0,1,17,106.1,6.2,"0.0%",0.635416666666667
"Donovan Peoples-Jones",2023,"Lions","$1,523,889",1523889,144,13,25,155,11.9,29,2,0,0,0,0,0,15,15.5,1,"0.0%",0.52
"Dontayvion Wicks",2023,"Packers","$825,636",1052544,53,39,58,581,14.9,35,11,4,1,1,0,1,15,80.8,5.4,"20.9%",0.672413793103448
"Donte Moncrief",2020,"Patriots","$220,588",267647,200,1,2,15,15,15,0,0,1,4,0,0,6,1.9,0.3,"0.0%",0.5
"Dontrelle Inman",2020,"Commanders","$53,529",53529,120,18,28,163,9.1,17,0,2,0,0,0,0,10,28.3,2.8,"0.0%",0.642857142857143
"Drake London",2022,"Falcons","$3,915,358",13546432,38,72,117,866,12,40,10,4,0,0,0,3,17,106.6,6.3,"99.2%",0.615384615384615
"Drake London",2023,"Falcons","$4,894,198",1683840,41,69,110,905,13.1,45,17,2,0,0,0,0,16,105.4,6.6,"99.2%",0.627272727272727
"Duke Williams",2020,"Bills","$170,282",170282,236,0,0,0,0,0,0,0,0,0,0,0,1,0,0,"0.0%",NA
"Dwayne Harris",2020,"Bears","$273,530",350000,255,0,0,0,0,0,0,0,0,0,0,1,3,-2,-0.7,"0.0%",NA
"Dyami Brown",2021,"Commanders","$898,909",1615636,146,12,25,165,13.8,48,3,0,1,-4,0,0,10,16.1,1.6,"0.6%",0.48
"Dyami Brown",2022,"Commanders","$1,123,636",884727,120,5,14,143,28.6,75,2,2,1,15,0,0,9,27.8,3.1,"0.6%",0.357142857142857
"Dyami Brown",2023,"Commanders","$1,348,363",1109454,130,12,23,168,14,35,2,1,1,0,0,0,17,23,1.4,"0.6%",0.521739130434783
"Dylan Drummond",2023,"Giants","$72,000",72000,219,0,0,0,0,0,0,0,0,0,0,0,1,0,0,"0.0%",NA
"Elijah Moore",2021,"Jets","$1,625,531",4522124,46,43,77,538,12.5,62,9,5,5,54,1,0,11,95.2,8.7,"15.3%",0.558441558441558
"Elijah Moore",2022,"Jets","$2,031,914",1066383,88,37,65,446,12.1,42,8,1,5,5,0,0,16,51.1,3.2,"15.3%",0.569230769230769
"Elijah Moore",2023,"Browns","$1,472,766",1472766,62,59,104,640,10.8,42,9,2,9,11,0,2,17,73.1,4.3,"15.3%",0.567307692307692
"Emeka Emezie",2022,"Falcons","$80,500",80500,228,0,0,0,0,0,0,0,0,0,0,0,1,0,0,"0.0%",NA
"Emmanuel Sanders",2020,"Saints","$4,000,000",8e+06,45,61,82,726,11.9,51,7,5,1,12,0,0,14,103.8,7.4,"0.0%",0.74390243902439
"Emmanuel Sanders",2021,"Bills","$4,616,176",6e+06,50,42,72,626,14.9,41,10,4,2,31,0,0,14,89.7,6.4,"0.0%",0.583333333333333
"Equanimeous St. Brown",2020,"Packers","$704,602",675000,138,7,13,117,16.7,24,3,1,1,7,0,0,12,18.4,1.5,"0.0%",0.538461538461538
"Equanimeous St. Brown",2021,"Packers","$613,889",613889,157,9,17,98,10.9,26,1,0,3,14,0,0,12,11.2,0.9,"0.0%",0.529411764705882
"Equanimeous St. Brown",2022,"Bears","$1,050,000",1135000,102,21,38,323,15.4,56,5,1,6,54,0,0,16,43.7,2.7,"0.0%",0.552631578947368
"Equanimeous St. Brown",2023,"Bears","$1,165,000",1080000,175,5,6,62,12.4,21,1,0,0,0,0,0,7,6.2,0.9,"0.0%",0.833333333333333
"Erik Ezukanma",2022,"Dolphins","$886,248",1429992,211,1,1,3,3,3,0,0,0,0,0,0,1,0.3,0.3,"0.0%",1
"Erik Ezukanma",2023,"Dolphins","$1,051,248",540833,188,0,1,0,0,0,0,0,5,22,0,0,2,2.2,1.1,"0.0%",0
"Ethan Fernea",2023,"Colts","$161,000",161000,235,0,0,0,0,0,0,0,0,0,0,0,1,0,0,"0.0%",NA
"Frank Darby",2021,"Falcons","$711,123",864492,209,1,4,14,14,14,0,0,0,0,0,0,4,1.4,0.4,"0.0%",0.25
"Frank Darby",2022,"Falcons","$320,833",320833,200,1,1,15,15,15,0,0,0,0,0,0,1,1.5,1.5,"0.0%",1
"Fred Brown",2020,"Broncos","$170,282",170282,232,0,0,0,0,0,0,0,0,0,0,0,1,0,0,"0.0%",NA
"Freddie Swain",2020,"Seahawks","$642,353",739412,123,13,21,159,12.2,23,3,2,0,0,0,0,16,27.9,1.7,"0.0%",0.619047619047619
"Freddie Swain",2021,"Seahawks","$812,353",780000,72,25,40,343,13.7,68,6,4,5,32,0,0,17,61.5,3.6,"0.0%",0.625
"Freddie Swain",2022,"Broncos","$198,889",198889,160,4,6,74,18.5,52,1,0,0,0,0,0,3,7.4,2.5,"0.0%",0.666666666666667
"Garrett Wilson",2022,"Jets","$3,737,092",12833368,21,83,147,1103,13.3,60,13,4,4,4,0,1,17,132.7,7.8,"99.5%",0.564625850340136
"Garrett Wilson",2023,"Jets","$4,671,365",1639273,36,95,168,1042,11,68,11,3,4,0,0,2,17,118.2,7,"99.5%",0.56547619047619
"Gehrig Dieter",2020,"Chiefs","$39,706",39706,210,1,2,10,10,10,0,0,0,0,0,0,4,1,0.3,"0.0%",0.5
"George Pickens",2022,"Steelers","$1,227,670",2795680,31,52,84,801,15.4,42,17,4,3,24,1,0,17,114.5,6.7,"93.4%",0.619047619047619
"George Pickens",2023,"Steelers","$1,534,588",1011918,23,63,106,1140,18.1,86,22,5,3,18,0,0,17,145.8,8.6,"93.4%",0.594339622641509
"Geronimo Allison",2021,"Lions","$112,000",112000,260,0,2,0,0,0,0,0,0,0,0,0,1,0,0,"0.0%",0
"Golden Tate",2020,"Giants","$10,352,942",8e+06,93,35,52,388,11.1,39,5,2,0,0,0,0,12,51.5,4.3,"0.0%",0.673076923076923
"Greg Dortch",2021,"Cardinals","$130,000",130000,186,3,3,15,5,10,0,0,1,24,0,0,5,3.9,0.8,"7.0%",1
"Greg Dortch",2022,"Cardinals","$895,000",895000,75,52,64,467,9,47,5,2,7,44,0,1,16,61.1,3.8,"7.0%",0.8125
"Greg Dortch",2023,"Cardinals","$1,010,000",1010000,93,24,41,280,11.7,38,3,2,1,5,0,0,16,40.5,2.5,"7.0%",0.585365853658537
"Greg Ward",2020,"Eagles","$675,000",675000,62,53,79,419,7.9,32,3,6,2,-4,0,0,16,80.1,5,"0.0%",0.670886075949367
"Greg Ward",2021,"Eagles","$850,000",850000,127,7,11,95,13.6,27,1,3,0,0,0,0,10,27.6,2.8,"0.0%",0.636363636363636
"Gunner Olszewski",2020,"Patriots","$631,715",630882,134,5,5,62,12.4,38,1,1,5,23,0,0,13,20.5,1.6,"0.0%",1
"Gunner Olszewski",2021,"Patriots","$850,834",850000,185,2,3,31,15.5,22,1,0,1,9,0,0,16,4,0.3,"0.0%",0.666666666666667
"Gunner Olszewski",2022,"Steelers","$1,582,500",2200000,162,5,7,53,10.6,31,1,0,8,39,0,1,15,7.2,0.5,"0.0%",0.714285714285714
"Gunner Olszewski",2023,"Giants","$600,000",6e+05,189,1,1,0,0,0,0,0,0,0,0,2,12,2,0.2,"0.0%",1
"Hunter Renfrow",2020,"Raiders","$753,987",675000,64,56,77,656,11.7,53,7,2,0,0,0,1,16,75.6,4.7,"0.0%",0.727272727272727
"Hunter Renfrow",2021,"Raiders","$928,987",850000,13,103,128,1038,10.1,54,10,9,3,3,0,1,17,156.1,9.2,"0.0%",0.8046875
"Hunter Renfrow",2022,"Raiders","$3,543,987",10550000,104,36,50,330,9.2,27,3,2,0,0,0,1,10,43,4.3,"0.0%",0.72
"Hunter Renfrow",2023,"Raiders","$13,385,000",11549000,126,25,37,255,10.2,38,3,0,0,0,0,1,17,23.5,1.4,"0.0%",0.675675675675676
"Ihmir Smith-Marsette",2021,"Vikings","$739,740",978960,131,5,6,116,23.2,44,2,2,0,0,0,0,6,23.6,3.9,"0.0%",0.833333333333333
"Ihmir Smith-Marsette",2022,"Chiefs","$172,333",172333,247,1,4,15,15,15,0,0,1,-1,0,1,4,-0.6,-0.2,"0.0%",0.25
"Ihmir Smith-Marsette",2023,"Panthers","$940,000",940000,124,8,10,51,6.4,18,0,0,8,74,1,0,17,24.5,1.4,"0.0%",0.8
"Irvin Charles",2023,"Jets","$541,667",541667,236,0,1,0,0,0,0,0,0,0,0,0,11,0,0,"0.0%",0
"Isaiah Coulter",2020,"Texans","$596,768",816485,213,0,0,0,0,0,0,0,0,0,0,0,1,0,0,"0.0%",NA
"Isaiah Coulter",2021,"Bears","$233,866",233866,233,0,1,0,0,0,0,0,0,0,0,0,1,0,0,"0.0%",0
"Isaiah Ford",2020,"Dolphins","$44,118",44118,125,28,44,276,9.9,18,0,0,0,0,0,0,10,27.6,2.8,"0.0%",0.636363636363636
"Isaiah Ford",2021,"Dolphins","$613,333",613333,126,12,16,161,13.4,52,2,2,0,0,0,0,9,28.1,3.1,"0.0%",0.75
"Isaiah Hodgins",2022,"Giants","$391,667",391667,71,37,48,392,10.6,29,4,4,0,0,0,1,9,63.2,7,"0.0%",0.770833333333333
"Isaiah Hodgins",2023,"Giants","$870,000",870000,95,21,33,230,11,24,1,3,0,0,0,1,17,39,2.3,"0.0%",0.636363636363636
"Isaiah McKenzie",2020,"Bills","$962,500",962500,67,30,34,282,9.4,46,3,5,10,9,0,0,16,69.6,4.4,"0.0%",0.882352941176471
"Isaiah McKenzie",2021,"Bills","$987,500",1127500,122,20,26,178,8.9,28,1,1,9,47,1,1,15,32.5,2.2,"0.0%",0.769230769230769
"Isaiah McKenzie",2022,"Bills","$1,867,647",2717647,54,42,66,423,10.1,30,4,4,9,55,1,0,16,77.8,4.9,"0.0%",0.636363636363636
"Isaiah McKenzie",2023,"Colts","$783,333",9e+05,178,11,14,82,7.5,30,1,0,3,14,0,2,13,5.6,0.4,"0.0%",0.785714285714286
"Isaiah Wright",2020,"Commanders","$611,666",615000,136,27,35,197,7.3,22,1,0,3,16,0,1,14,19.3,1.4,"0.0%",0.771428571428571
"Isaiah Zuber",2020,"Patriots","$252,728",252728,183,2,2,29,14.5,16,0,0,2,21,0,0,4,5,1.3,"0.0%",1
"J.J. Arcega-Whiteside",2020,"Eagles","$1,125,278",720056,164,4,8,85,21.3,37,2,0,0,0,0,0,8,10.5,1.3,"0.0%",0.5
"J.J. Arcega-Whiteside",2021,"Eagles","$1,350,334",945112,193,2,5,36,18,23,1,0,0,0,0,0,7,3.6,0.5,"0.0%",0.4
"J.J. Koski",2021,"Rams","$9,200",9200,265,0,0,0,0,0,0,0,0,0,0,1,3,-2,-0.7,"0.0%",NA
"Ja'Marcus Bradley",2020,"Browns","$225,246",225246,178,5,11,60,12,22,1,0,0,0,0,0,3,6,2,"0.0%",0.454545454545455
"Ja'Marcus Bradley",2021,"Browns","$173,333",173333,173,4,4,64,16,37,1,0,0,0,0,0,4,6.4,1.6,"0.0%",1
"Ja'Marr Chase",2021,"Bengals","$5,603,571",20434284,3,81,128,1455,18,82,22,13,7,21,0,1,17,223.6,13.2,"99.7%",0.6328125
"Ja'Marr Chase",2022,"Bengals","$7,004,464",2060893,12,87,134,1046,12,60,13,9,5,8,0,2,13,155.4,12,"99.7%",0.649253731343284
"Ja'Marr Chase",2023,"Bengals","$8,405,357",3461786,13,100,145,1216,12.2,76,14,7,3,-6,0,0,16,162.7,10.2,"99.7%",0.689655172413793
"Jacob Harris",2022,"Rams","$284,445",284445,224,1,1,6,6,6,0,0,0,0,0,0,3,0,0,"0.0%",1
"Jacob Harris",2023,"Jaguars","$296,444",296444,226,0,0,0,0,0,0,0,0,0,0,0,2,0,0,"0.0%",NA
"Jaelon Darden",2021,"Buccaneers","$834,475",1357905,181,6,12,43,7.2,29,1,0,1,11,0,0,9,5.4,0.6,"0.0%",0.5
"Jaelon Darden",2022,"Browns","$229,167",229167,183,2,2,26,13,25,1,0,1,2,0,0,14,2.8,0.2,"0.0%",1
"Jaelon Darden",2023,"Browns","$256,222",256222,228,0,0,0,0,0,0,0,0,0,0,0,1,0,0,"0.0%",NA
"Jahan Dotson",2022,"Commanders","$2,736,065",8829260,43,35,61,523,14.9,61,10,7,2,-7,0,0,12,95.6,8,"7.5%",0.573770491803279
"Jahan Dotson",2023,"Commanders","$3,420,081",1389016,57,49,83,518,10.6,33,5,4,0,0,0,0,17,75.8,4.5,"7.5%",0.590361445783133
"Jake Bobo",2023,"Seahawks","$753,333",760000,97,19,25,196,10.3,31,3,2,1,3,1,0,17,37.9,2.2,"0.4%",0.76
"Jake Kumerow",2020,"Saints","$88,235",88235,172,1,1,22,22,22,1,1,0,0,0,0,6,8.2,1.4,"0.0%",1
"Jake Kumerow",2021,"Bills","$920,000",920000,199,2,6,28,14,15,0,0,0,0,0,0,7,2.8,0.4,"0.0%",0.333333333333333
"Jake Kumerow",2022,"Bills","$895,000",1035000,164,4,7,64,16,39,1,0,0,0,0,0,5,6.4,1.3,"0.0%",0.571428571428571
"Jakobi Meyers",2020,"Patriots","$678,333",675000,60,59,81,729,12.4,35,11,0,2,9,0,1,14,83.6,6,"64.0%",0.728395061728395
"Jakobi Meyers",2021,"Patriots","$853,334",850000,41,83,126,866,10.4,39,12,2,1,9,0,1,16,103.3,6.5,"64.0%",0.658730158730159
"Jakobi Meyers",2022,"Patriots","$3,986,000",3986000,33,67,96,804,12,48,14,6,2,-11,0,2,14,113.3,8.1,"64.0%",0.697916666666667
"Jakobi Meyers",2023,"Raiders","$4,182,333",10985000,21,71,106,807,11.4,33,8,8,4,24,2,0,16,147.6,9.2,"64.0%",0.669811320754717
"Jaleel Scott",2020,"Jets","$174,106",174106,203,1,1,16,16,16,0,0,0,0,0,0,1,1.6,1.6,"0.0%",1
"Jaleel Scott",2020,"Jets","$205,412",205412,203,1,1,16,16,16,0,0,0,0,0,0,1,1.6,1.6,"0.0%",1
"Jalen Brooks",2023,"Cowboys","$770,589",832356,174,6,6,64,10.7,24,1,0,0,0,0,0,7,6.4,0.9,"0.1%",1
"Jalen Camp",2021,"Texans","$248,000",248000,237,0,0,0,0,0,0,0,0,0,0,0,1,0,0,"0.0%",NA
"Jalen Camp",2022,"Texans","$365,111",365111,208,1,1,7,7,7,0,0,0,0,0,0,1,0.7,0.7,"0.0%",1
"Jalen Guyton",2020,"Chargers","$675,000",675000,72,28,55,511,18.3,72,7,3,2,0,0,0,16,69.1,4.3,"0.0%",0.509090909090909
"Jalen Guyton",2021,"Chargers","$850,000",850000,67,31,48,448,14.5,59,4,3,7,34,0,0,16,66.2,4.1,"0.0%",0.645833333333333
"Jalen Guyton",2022,"Chargers","$965,000",965000,165,2,4,64,32,54,1,0,0,0,0,0,2,6.4,3.2,"0.0%",0.5
"Jalen Guyton",2023,"Chargers","$856,444",893444,146,10,21,89,8.9,18,0,1,0,0,0,0,8,14.9,1.9,"0.0%",0.476190476190476
"Jalen Nailor",2022,"Vikings","$750,165",885660,125,9,13,179,19.9,47,3,1,0,0,0,0,8,23.9,3,"9.5%",0.692307692307692
"Jalen Nailor",2023,"Vikings","$761,554",716389,185,3,6,29,9.7,16,0,0,0,0,0,0,6,2.9,0.5,"9.5%",0.5
"Jalen Reagor",2020,"Eagles","$2,412,850",7821400,90,31,54,396,12.8,55,4,1,4,26,0,0,11,56.2,5.1,"0.0%",0.574074074074074
"Jalen Reagor",2021,"Eagles","$3,016,063",1213213,97,33,57,299,9.1,34,4,2,10,32,0,0,17,45.1,2.7,"0.0%",0.578947368421053
"Jalen Reagor",2022,"Vikings","$1,816,426",1816426,136,8,13,104,13,38,2,1,4,25,0,0,17,18.9,1.1,"0.0%",0.615384615384615
"Jalen Reagor",2023,"Patriots","$617,222",617222,131,7,23,138,19.7,39,3,0,1,17,0,0,11,21.5,2,"0.0%",0.304347826086957
"Jalen Tolbert",2022,"Cowboys","$933,767",1620068,203,2,3,12,6,8,0,0,0,0,0,0,3,1.2,0.4,"19.7%",0.666666666666667
"Jalen Tolbert",2023,"Cowboys","$1,167,209",938443,102,22,36,268,12.2,45,3,2,0,0,0,1,17,36.8,2.2,"19.7%",0.611111111111111
"Jalen Virgil",2022,"Broncos","$709,166",717500,152,2,5,75,37.5,66,1,1,0,0,0,1,7,11.5,1.6,"0.0%",0.4
"Jalen Virgil",2023,"Broncos","$479,166",475000,239,0,0,0,0,0,0,0,0,0,0,0,1,0,0,"0.0%",NA
"Jalin Hyatt",2023,"Giants","$1,022,785",1841140,100,23,40,373,16.2,58,7,0,0,0,0,0,17,37.3,2.2,"2.4%",0.575
"Jamal Agnew",2021,"Jaguars","$2,613,725",4876471,87,24,39,229,9.5,29,4,1,7,111,1,0,12,52,4.3,"0.0%",0.615384615384615
"Jamal Agnew",2022,"Jaguars","$6,131,372",4464706,89,23,30,187,8.1,24,1,3,12,86,0,0,15,49.3,3.3,"0.0%",0.766666666666667
"Jamal Agnew",2023,"Jaguars","$5,881,374",4644118,118,14,21,225,16.1,65,2,1,4,-2,0,1,11,26.3,2.4,"0.0%",0.666666666666667
"James Washington",2020,"Steelers","$1,227,640",889214,69,30,56,392,13.1,50,5,5,0,0,0,0,16,69.2,4.3,"0.0%",0.535714285714286
"James Washington",2021,"Steelers","$1,432,247",1093821,105,24,44,285,11.9,42,4,2,2,13,0,0,15,41.8,2.8,"0.0%",0.545454545454545
"James Washington",2022,"Giants","$0",0,241,0,1,0,0,0,0,0,0,0,0,0,1,0,0,"0.0%",0
"Jameson Williams",2022,"Lions","$3,174,871",10584484,147,1,9,41,41,41,1,1,1,40,0,0,6,14.1,2.4,"77.4%",0.111111111111111
"Jameson Williams",2023,"Lions","$3,713,318",1115812,77,24,42,354,14.8,63,5,2,3,29,1,0,12,56.3,4.7,"77.4%",0.571428571428571
"Jamison Crowder",2020,"Jets","$10,000,000",9e+06,38,59,89,699,11.8,69,9,6,1,14,0,0,12,113,9.4,"0.0%",0.662921348314607
"Jamison Crowder",2021,"Jets","$6,352,941",5500000,78,51,71,447,8.8,29,3,2,0,0,0,1,12,58.7,4.9,"0.0%",0.71830985915493
"Jamison Crowder",2022,"Bills","$1,975,000",1935000,166,6,13,60,10,16,0,0,0,0,0,0,4,6,1.5,"0.0%",0.461538461538462
"Jamison Crowder",2023,"Commanders","$887,778",1100278,135,16,20,159,9.9,26,1,1,0,0,0,1,17,19.9,1.2,"0.0%",0.8
"Jarvis Landry",2020,"Browns","$14,550,000",13050000,35,72,101,840,11.7,32,11,3,4,10,1,0,15,116,7.7,"14.0%",0.712871287128713
"Jarvis Landry",2021,"Browns","$14,711,765",13029412,56,52,87,570,11,38,7,2,6,40,2,2,12,81,6.8,"14.0%",0.597701149425287
"Jarvis Landry",2022,"Saints","$3,000,000",3e+06,111,25,39,272,10.9,40,2,1,0,0,0,0,9,35.2,3.9,"14.0%",0.641025641025641
"Jason Brownlee",2023,"Jets","$760,000",780000,157,5,8,56,11.2,24,1,1,0,0,0,0,7,11.6,1.7,"0.0%",0.625
"Jauan Jennings",2021,"49ers","$660,000",660000,79,24,38,282,11.8,34,4,5,0,0,0,0,13,58.2,4.5,"61.5%",0.631578947368421
"Jauan Jennings",2022,"49ers","$825,000",825000,92,35,56,416,11.9,44,3,1,0,0,0,0,16,47.6,3,"61.5%",0.625
"Jauan Jennings",2023,"49ers","$940,000",940000,109,19,33,265,13.9,31,4,1,0,0,0,0,13,32.5,2.5,"61.5%",0.575757575757576
"Javon Wims",2020,"Bears","$685,743",661765,160,6,12,48,8,13,0,1,1,2,0,0,13,11,0.8,"0.0%",0.5
"Jaxon Smith-Njigba",2023,"Seahawks","$2,621,329",8235316,51,63,93,628,10,35,7,4,0,0,0,0,17,86.8,5.1,"85.6%",0.67741935483871
"Jayden Reed",2023,"Packers","$1,305,596",2972384,18,64,94,793,12.4,59,13,8,11,119,2,0,16,153.2,9.6,"93.9%",0.680851063829787
"Jaydon Mickens",2020,"Buccaneers","$44,118",44118,180,7,10,58,8.3,11,0,0,0,0,0,0,10,5.8,0.6,"0.0%",0.7
"Jaydon Mickens",2021,"Jaguars","$309,167",358611,216,2,3,10,5,12,0,0,0,0,0,0,12,1,0.1,"0.0%",0.666666666666667
"Jaylen Waddle",2021,"Dolphins","$4,924,726",17718904,20,104,140,1015,9.8,57,8,6,2,3,1,1,16,141.8,8.9,"91.6%",0.742857142857143
"Jaylen Waddle",2022,"Dolphins","$6,155,908",1891182,7,75,117,1356,18.1,84,21,8,3,26,0,1,17,184.2,10.8,"91.6%",0.641025641025641
"Jaylen Waddle",2023,"Dolphins","$7,387,090",3122364,31,72,104,1014,14.1,60,12,4,3,12,0,0,14,126.6,9,"91.6%",0.692307692307692
"Jeff Badet",2020,"Commanders","$16,800",16800,242,0,1,0,0,0,0,0,0,0,0,0,3,0,0,"0.0%",0
"Jeff Smith",2020,"Jets","$572,941",572941,148,17,37,167,9.8,21,1,0,0,0,0,0,12,16.7,1.4,"0.0%",0.459459459459459
"Jeff Smith",2021,"Jets","$780,000",780000,156,8,17,113,14.1,35,1,0,1,-1,0,0,9,11.2,1.2,"0.0%",0.470588235294118
"Jeff Smith",2022,"Jets","$895,000",895000,150,8,11,134,16.8,50,2,0,0,0,0,0,7,13.4,1.9,"0.0%",0.727272727272727
"Jerry Jeudy",2020,"Broncos","$2,762,356",9219424,43,52,113,856,16.5,92,14,3,0,0,0,0,16,105.6,6.6,"55.7%",0.460176991150442
"Jerry Jeudy",2021,"Broncos","$3,452,945",1300589,95,38,56,467,12.3,40,7,0,2,3,0,0,10,47,4.7,"55.7%",0.678571428571429
"Jerry Jeudy",2022,"Broncos","$4,143,534",1991178,18,67,100,972,14.5,67,14,6,4,40,0,0,15,137.2,9.1,"55.7%",0.67
"Jerry Jeudy",2023,"Broncos","$4,834,123",2681767,50,54,87,758,14,47,10,2,0,0,0,0,16,87.8,5.5,"55.7%",0.620689655172414
"Joe Reed",2020,"Chargers","$695,078",950312,168,0,1,0,0,0,0,0,5,29,1,0,11,8.9,0.8,"0.0%",0
"John Brown",2020,"Bills","$9,718,750",8150000,76,33,52,458,13.9,46,7,3,0,0,0,0,9,63.8,7.1,"0.0%",0.634615384615385
"John Brown",2021,"Buccaneers","$0",0,245,0,3,0,0,0,0,0,0,0,0,0,3,0,0,"0.0%",0
"John Brown",2022,"Bills","$210,766",248266,154,1,2,42,42,42,1,1,0,0,0,0,2,10.2,5.1,"0.0%",0.5
"John Hightower",2020,"Eagles","$685,013",910052,137,10,29,167,16.7,59,2,0,1,1,0,0,13,18.8,1.4,"0.0%",0.344827586206897
"John Hightower",2021,"Eagles","$199,733",199733,235,0,0,0,0,0,0,0,0,0,0,0,1,0,0,"0.0%",NA
"John Metchie III",2023,"Texans","$1,834,131",1071826,142,16,30,158,9.9,22,1,0,1,4,0,0,16,16.2,1,"0.9%",0.533333333333333
"John Ross",2020,"Bengals","$5,445,957",2798982,202,2,7,17,8.5,15,0,0,0,0,0,0,3,1.7,0.6,"0.0%",0.285714285714286
"John Ross",2021,"Giants","$1,838,235",2161765,124,11,20,224,20.4,51,2,1,1,16,0,0,9,30,3.3,"0.0%",0.55
"Johnny Johnson III",2023,"Texans","$245,667",245667,240,0,0,0,0,0,0,0,0,0,0,0,1,0,0,"0.0%",NA
"JoJo Natson",2020,"Browns","$956,250",1e+06,212,0,0,0,0,0,0,0,1,3,0,0,3,0.3,0.1,"0.0%",NA
"Jonathan Mingo",2023,"Panthers","$1,610,292",4191168,92,43,85,418,9.7,40,6,0,0,0,0,0,15,41.8,2.8,"1.6%",0.505882352941176
"Jordan Addison",2023,"Vikings","$2,496,679",7736716,19,70,108,911,13,62,15,10,1,2,0,0,17,151.3,8.9,"74.9%",0.648148148148148
"Jordan Matthews",2020,"49ers","$107,058",107058,227,0,0,0,0,0,0,0,0,0,0,0,2,0,0,"0.0%",NA
"Jordan Veasy",2021,"Texans","$220,533",220533,256,0,0,0,0,0,0,0,0,0,0,0,2,0,0,"0.0%",NA
"Josh Ali",2022,"Falcons","$262,334",262334,223,0,1,0,0,0,0,0,0,0,0,0,1,0,0,"0.0%",0
"Josh Downs",2023,"Colts","$1,003,719",1764876,48,68,98,771,11.3,59,10,2,0,0,0,0,17,89.1,5.2,"58.7%",0.693877551020408
"Josh Gordon",2021,"Chiefs","$661,111",770000,165,5,14,32,6.4,11,0,1,0,0,0,0,9,9.2,1,"0.0%",0.357142857142857
"Josh Gordon",2021,"Chiefs","$0",0,165,5,14,32,6.4,11,0,1,0,0,0,0,9,9.2,1,"0.0%",0.357142857142857
"Josh Hammond",2021,"Jaguars","$220,533",220533,223,0,0,0,0,0,0,0,0,0,0,0,1,0,0,"0.0%",NA
"Josh Malone",2020,"Jets","$100,800",100800,193,4,6,16,4,13,0,0,1,12,0,0,4,2.8,0.7,"0.0%",0.666666666666667
"Josh Reynolds",2020,"Rams","$2,295,006",2133000,65,52,81,618,11.9,40,8,2,1,5,0,1,16,72.3,4.5,"3.4%",0.641975308641975
"Josh Reynolds",2021,"Lions","$500,000",5e+05,88,29,49,396,13.7,39,6,2,0,0,0,0,11,51.6,4.7,"3.4%",0.591836734693878
"Josh Reynolds",2022,"Lions","$2,000,000",3e+06,69,38,59,479,12.6,31,8,3,0,0,0,0,12,65.9,5.5,"3.4%",0.644067796610169
"Josh Reynolds",2023,"Lions","$4,000,000",3500000,49,40,64,608,15.2,33,17,5,0,0,0,1,17,88.8,5.2,"3.4%",0.625
"JuJu Smith-Schuster",2020,"Steelers","$1,335,020",1037151,22,97,128,831,8.6,31,13,9,0,0,0,1,16,137.1,8.6,"17.9%",0.7578125
"JuJu Smith-Schuster",2021,"Steelers","$2,400,000",8e+06,139,15,28,129,8.6,24,1,0,3,9,1,0,5,19.8,4,"17.9%",0.535714285714286
"JuJu Smith-Schuster",2022,"Chiefs","$3,700,000",10200000,37,78,101,933,12,53,9,3,0,0,0,2,16,107.3,6.7,"17.9%",0.772277227722772
"JuJu Smith-Schuster",2023,"Patriots","$4,674,509",9647059,110,29,47,260,9,37,3,1,0,0,0,0,11,32,2.9,"17.9%",0.617021276595745
"Julian Edelman",2020,"Patriots","$9,666,666",3937500,109,21,39,315,15,49,3,0,2,22,0,0,6,35.2,5.9,"12.1%",0.538461538461538
"Julio Jones",2020,"Falcons","$20,416,668",22200000,53,51,68,771,15.1,44,16,3,0,0,0,0,9,95.1,10.6,"0.1%",0.75
"Julio Jones",2021,"Titans","$4,100,000",15300000,93,31,48,434,14,51,4,1,0,0,0,0,10,49.4,4.9,"0.1%",0.645833333333333
"Julio Jones",2022,"Buccaneers","$2,249,646",5735294,94,24,43,299,12.5,48,3,2,5,45,0,0,10,46.4,4.6,"0.1%",0.558139534883721
"Julio Jones",2023,"Eagles","$870,556",870556,120,11,19,74,6.7,22,1,3,0,0,0,0,11,25.4,2.3,"0.1%",0.578947368421053
"Justin Jefferson",2020,"Vikings","$2,385,965",7713860,6,88,125,1400,15.9,71,23,7,1,2,0,0,16,186.2,11.6,"99.8%",0.704
"Justin Jefferson",2021,"Vikings","$2,982,456",1206491,4,108,167,1616,15,56,27,10,6,14,0,1,17,222.4,13.1,"99.8%",0.646706586826347
"Justin Jefferson",2022,"Vikings","$3,578,947",1802982,1,128,184,1809,14.1,64,28,8,4,24,1,0,17,240.6,14.2,"99.8%",0.695652173913043
"Justin Jefferson",2023,"Vikings","$4,175,438",2399473,26,68,100,1074,15.8,52,25,5,1,-12,0,1,10,134.2,13.4,"99.8%",0.68
"Justin Watson",2020,"Buccaneers","$825,434",750000,166,7,11,94,13.4,36,1,0,0,0,0,0,11,9.4,0.9,"0.7%",0.636363636363636
"Justin Watson",2022,"Chiefs","$895,000",1035000,103,15,34,315,21,67,6,2,0,0,0,0,17,43.5,2.6,"0.7%",0.441176470588235
"Justin Watson",2023,"Chiefs","$1,250,000",1500000,72,27,53,460,17,41,8,3,0,0,0,1,16,62,3.9,"0.7%",0.509433962264151
"Justyn Ross",2022,"Chiefs","$430,000",430000,214,0,0,0,0,0,0,0,0,0,0,0,2,0,0,"0.0%",NA
"Justyn Ross",2023,"Chiefs","$500,000",5e+05,179,6,11,53,8.8,20,1,0,0,0,0,0,10,5.3,0.5,"0.0%",0.545454545454545
"Juwann Winfree",2020,"Packers","$180,212",180212,225,0,0,0,0,0,0,0,0,0,0,0,2,0,0,"0.0%",NA
"Juwann Winfree",2021,"Packers","$173,333",173333,187,8,13,58,7.3,12,0,0,0,0,0,1,5,3.8,0.8,"0.0%",0.615384615384615
"Juwann Winfree",2022,"Packers","$321,666",321666,196,1,4,17,17,17,0,0,0,0,0,0,3,1.7,0.6,"0.0%",0.25
"Juwann Winfree",2023,"Colts","$56,111",56111,210,0,1,0,0,0,0,0,0,0,0,0,4,0,0,"0.0%",0
"K.J. Osborn",2020,"Vikings","$676,943",877772,216,0,0,0,0,0,0,0,0,0,0,0,9,0,0,"1.5%",NA
"K.J. Osborn",2021,"Vikings","$846,943",780000,35,50,82,655,13.1,64,10,7,1,10,0,0,17,108.5,6.4,"1.5%",0.609756097560976
"K.J. Osborn",2022,"Vikings","$961,943",895000,44,60,90,650,10.8,66,6,5,3,6,0,0,17,95.6,5.6,"1.5%",0.666666666666667
"K.J. Osborn",2023,"Vikings","$2,809,943",2743000,64,48,75,540,11.3,47,6,3,0,0,0,0,16,72,4.5,"1.5%",0.64
"Kadarius Toney",2021,"Giants","$2,494,456",7997824,101,39,57,420,10.8,38,5,0,3,6,0,0,9,43.4,4.8,"0.6%",0.684210526315789
"Kadarius Toney",2022,"Chiefs","$784,431",784431,105,16,20,171,10.7,38,4,2,7,82,1,1,9,41.3,4.6,"0.6%",0.8
"Kadarius Toney",2023,"Chiefs","$1,907,228",1907228,119,27,38,169,6.3,18,0,1,11,31,0,0,13,26,2,"0.6%",0.710526315789474
"Kalif Raymond",2020,"Titans","$804,412",804412,139,9,15,187,20.8,61,4,0,1,-3,0,0,15,18.4,1.2,"2.9%",0.6
"Kalif Raymond",2021,"Lions","$987,500",1127500,54,48,71,576,12,75,8,4,4,28,0,0,16,84.4,5.3,"2.9%",0.676056338028169
"Kalif Raymond",2022,"Lions","$1,975,000",2600000,63,47,64,616,13.1,56,10,0,7,36,0,1,17,69.2,4.1,"2.9%",0.734375
"Kalif Raymond",2023,"Lions","$2,775,000",4400000,70,35,44,489,14,41,9,1,7,75,0,0,17,62.4,3.7,"2.9%",0.795454545454545
"Kawaan Baker",2021,"Saints","$193,067",193067,238,0,0,0,0,0,0,0,0,0,0,0,1,0,0,"0.0%",NA
"Kayshon Boutte",2023,"Patriots","$796,812",937274,191,2,7,19,9.5,11,0,0,0,0,0,0,5,1.9,0.4,"0.7%",0.285714285714286
"Kearis Jackson",2023,"Titans","$483,333",483333,230,0,0,0,0,0,0,0,0,0,0,0,2,0,0,"0.0%",NA
"Keelan Doss",2020,"Raiders","$174,106",174106,240,0,0,0,0,0,0,0,0,0,0,0,1,0,0,"0.0%",NA
"Keelan Doss",2023,"Chargers","$104,444",104444,184,6,13,33,5.5,9,0,0,0,0,0,0,5,3.3,0.7,"0.0%",0.461538461538462
"Keenan Allen",2020,"Chargers","$10,350,000",19250000,18,100,147,992,9.9,28,10,8,1,-1,0,2,14,145.1,10.4,"74.6%",0.680272108843537
"Keenan Allen",2021,"Chargers","$15,700,000",1.3e+07,15,106,157,1138,10.7,42,12,6,0,0,0,0,16,151.8,9.5,"74.6%",0.67515923566879
"Keenan Allen",2022,"Chargers","$19,200,000",16500000,40,66,89,752,11.4,46,7,4,1,8,0,1,10,98,9.8,"74.6%",0.741573033707865
"Keenan Allen",2023,"Chargers","$12,782,500",1.9e+07,11,108,150,1243,11.5,42,19,7,2,6,0,1,13,170.9,13.1,"74.6%",0.72
"KeeSean Johnson",2020,"Cardinals","$727,328",675000,145,15,23,173,11.5,45,2,0,0,0,0,0,8,17.3,2.2,"0.0%",0.652173913043478
"Keith Kirkwood",2020,"Panthers","$800,000",8e+05,206,1,2,13,13,13,0,0,0,0,0,0,1,1.3,1.3,"0.0%",0.5
"Keith Kirkwood",2021,"Panthers","$233,866",233866,205,3,7,17,5.7,7,0,0,0,0,0,0,3,1.7,0.6,"0.0%",0.428571428571429
"Keith Kirkwood",2022,"Saints","$49,722",49722,195,2,4,18,9,14,0,0,0,0,0,0,3,1.8,0.6,"0.0%",0.5
"Keith Kirkwood",2023,"Saints","$448,889",448889,164,5,9,37,7.4,13,0,1,0,0,0,0,13,9.7,0.7,"0.0%",0.555555555555556
"Keke Coutee",2020,"Texans","$932,257",750000,92,33,40,400,12.1,64,3,3,0,0,0,3,8,54,6.8,"0.0%",0.825
"Keke Coutee",2021,"Colts","$249,422",249422,220,1,1,5,5,5,0,0,0,0,0,0,1,0.5,0.5,"0.0%",1
"Keke Coutee",2022,"Colts","$107,222",107222,239,1,1,20,20,20,1,0,0,0,0,1,7,0,0,"0.0%",1
"Kendall Hinton",2020,"Broncos","$103,082",103082,251,0,0,0,0,0,0,0,2,7,0,0,1,-0.8,-0.8,"0.0%",NA
"Kendall Hinton",2021,"Broncos","$623,333",623333,132,15,23,175,11.7,40,2,1,0,0,0,0,11,23.5,2.1,"0.0%",0.652173913043478
"Kendall Hinton",2022,"Broncos","$595,833",595833,114,24,33,311,13,35,5,0,2,13,0,0,11,32.4,2.9,"0.0%",0.727272727272727
"Kendrick Bourne",2020,"49ers","$3,259,000",3259000,61,49,74,667,13.6,49,7,2,0,0,0,0,15,80.7,5.4,"2.4%",0.662162162162162
"Kendrick Bourne",2021,"Patriots","$3,078,431",6750000,29,55,70,800,14.5,75,10,5,12,125,0,1,17,125.5,7.4,"2.4%",0.785714285714286
"Kendrick Bourne",2022,"Patriots","$6,416,666",4205882,85,35,48,434,12.4,41,6,1,6,39,0,0,16,53.3,3.3,"2.4%",0.729166666666667
"Kendrick Bourne",2023,"Patriots","$6,872,550",5102941,69,37,55,406,11,36,5,4,1,4,0,1,8,63,7.9,"2.4%",0.672727272727273
"Kenny Golladay",2020,"Lions","$2,312,706",2133000,100,20,32,338,16.9,48,4,2,0,0,0,0,5,45.8,9.2,"4.0%",0.625
"Kenny Golladay",2021,"Giants","$4,473,529",18250000,86,37,76,521,14.1,36,5,0,0,0,0,0,14,52.1,3.7,"4.0%",0.486842105263158
"Kenny Golladay",2022,"Giants","$21,150,000",17750000,148,6,17,81,13.5,25,1,1,0,0,0,0,6,14.1,2.4,"4.0%",0.352941176470588
"Kenny Stills",2020,"Bills","$0",0,135,11,19,144,13.1,24,2,1,0,0,0,0,10,20.4,2,"0.0%",0.578947368421053
"Kenny Stills",2021,"Saints","$236,111",298611,154,6,23,68,11.3,22,1,1,1,1,0,0,7,12.9,1.8,"0.0%",0.260869565217391
"Kevin White",2020,"49ers","$313,587",313587,247,0,0,0,0,0,0,0,0,0,0,0,3,0,0,"0.0%",NA
"Kevin White",2021,"Saints","$111,000",111000,189,1,5,38,38,38,1,0,0,0,0,0,4,3.8,1,"0.0%",0.2
"Kevin White",2022,"Saints","$85,000",85000,161,2,5,74,37,64,1,0,0,0,0,0,6,7.4,1.2,"0.0%",0.4
"KhaDarel Hodge",2020,"Browns","$750,000",750000,140,11,17,180,16.4,42,2,0,0,0,0,0,9,18,2,"0.1%",0.647058823529412
"KhaDarel Hodge",2021,"Lions","$1,000,000",1e+06,143,13,27,157,12.1,42,2,0,0,0,0,0,12,17.7,1.5,"0.1%",0.481481481481481
"KhaDarel Hodge",2022,"Falcons","$930,000",1070000,119,13,20,202,15.5,39,2,1,0,0,0,0,13,28.2,2.2,"0.1%",0.65
"KhaDarel Hodge",2023,"Falcons","$1,060,000",1200000,128,14,23,232,16.6,52,3,0,1,0,0,0,17,23.2,1.4,"0.1%",0.608695652173913
"Khalil Shakir",2022,"Bills","$791,788",1052152,124,10,20,161,16.1,31,4,1,0,0,0,0,10,24.1,2.4,"74.1%",0.5
"Khalil Shakir",2023,"Bills","$956,788",870000,58,39,45,611,15.7,81,10,2,1,10,0,0,17,74.1,4.4,"74.1%",0.866666666666667
"Kirk Merritt",2020,"Dolphins","$197,764",197764,214,0,0,0,0,0,0,0,0,0,0,0,1,0,0,"0.0%",NA
"Kirk Merritt",2021,"Dolphins","$248,001",248001,212,1,3,13,13,13,0,0,0,0,0,0,1,1.3,1.3,"0.0%",0.333333333333333
"Kirk Merritt",2022,"Saints","$137,500",137500,215,0,0,0,0,0,0,0,0,0,0,0,1,0,0,"0.0%",NA
"Kristian Wilkerson",2020,"Patriots","$170,282",170282,218,0,0,0,0,0,0,0,0,0,0,0,1,0,0,"0.0%",NA
"Kristian Wilkerson",2021,"Patriots","$220,534",220534,145,4,8,42,10.5,20,1,2,0,0,0,0,1,16.2,16.2,"0.0%",0.5
"Kristian Wilkerson",2023,"Raiders","$108,000",108000,212,0,0,0,0,0,0,0,0,0,0,0,2,0,0,"0.0%",NA
"Kwamie Lassiter II",2023,"Bengals","$245,667",245667,203,1,1,2,2,2,0,0,0,0,0,0,1,0.2,0.2,"0.0%",1
"Kyle Philips",2022,"Titans","$615,276",850272,178,8,13,78,9.8,21,2,0,0,0,0,2,4,3.8,1,"0.0%",0.615384615384615
"Kyle Philips",2023,"Titans","$860,554",782222,143,15,22,181,12.1,29,4,0,0,0,0,1,9,16.1,1.8,"0.0%",0.681818181818182
"Lance McCutcheon",2022,"Rams","$705,000",705000,226,0,5,0,0,0,0,0,0,0,0,0,4,0,0,"0.0%",0
"Landen Akers",2021,"Rams","$220,534",220534,242,0,0,0,0,0,0,0,0,0,0,0,1,0,0,"0.0%",NA
"Laquon Treadwell",2020,"Falcons","$220,588",267647,146,6,7,49,8.2,14,0,2,0,0,0,0,5,16.9,3.4,"0.0%",0.857142857142857
"Laquon Treadwell",2021,"Jaguars","$472,222",550000,92,33,51,434,13.2,41,6,1,0,0,0,0,12,49.4,4.1,"0.0%",0.647058823529412
"Laquon Treadwell",2022,"Seahawks","$149,167",172500,176,6,10,42,7,17,0,0,0,0,0,0,3,4.2,1.4,"0.0%",0.6
"Laquon Treadwell",2023,"Ravens","$104,444",129444,193,1,3,16,16,16,0,0,0,0,0,0,4,1.6,0.4,"0.0%",0.333333333333333
"Laquon Treadwell",2023,"Ravens","$0",0,193,1,3,16,16,16,0,0,0,0,0,0,4,1.6,0.4,"0.0%",0.333333333333333
"Larry Fitzgerald",2020,"Cardinals","$11,750,000",11500000,99,54,72,409,7.6,18,0,1,0,0,0,0,13,46.9,3.6,"0.2%",0.75
"Lawrence Cager",2020,"Jets","$143,529",143529,190,2,6,35,17.5,19,0,0,0,0,0,0,2,3.5,1.8,"0.0%",0.333333333333333
"Lawrence Cager",2022,"Giants","$320,833",320833,139,13,19,118,9.1,20,1,1,0,0,0,0,6,17.8,3,"0.0%",0.684210526315789
"Lawrence Cager",2023,"Giants","$473,333",473333,165,4,5,36,9,10,0,1,0,0,0,0,9,9.6,1.1,"0.0%",0.8
"Lil'Jordan Humphrey",2020,"Saints","$236,718",236718,162,3,5,46,15.3,17,0,1,0,0,0,0,3,10.6,3.5,"0.9%",0.6
"Lil'Jordan Humphrey",2021,"Saints","$850,000",850000,112,13,18,249,19.2,56,6,2,0,0,0,0,8,36.9,4.6,"0.9%",0.722222222222222
"Lil'Jordan Humphrey",2023,"Broncos","$574,444",660000,107,13,19,162,12.5,54,1,3,0,0,0,0,17,34.2,2,"0.9%",0.684210526315789
"Lucky Jackson",2023,"Vikings","$41,667",41667,220,0,0,0,0,0,0,0,0,0,0,0,3,0,0,"0.0%",NA
"Mack Hollins",2020,"Dolphins","$825,000",825000,131,16,25,176,11,34,2,1,0,0,0,1,16,21.6,1.4,"0.2%",0.64
"Mack Hollins",2021,"Dolphins","$987,500",1127500,96,14,28,223,15.9,65,4,4,0,0,0,0,16,46.3,2.9,"0.2%",0.5
"Mack Hollins",2022,"Raiders","$2,000,000",2500000,42,57,94,690,12.1,60,9,4,4,40,0,0,17,97.2,5.7,"0.2%",0.606382978723404
"Mack Hollins",2023,"Falcons","$2,500,000",2380000,121,18,30,251,13.9,45,3,0,0,0,0,0,13,25.1,1.9,"0.2%",0.6
"Malcolm Perry",2020,"Dolphins","$628,873",685492,152,9,13,92,10.2,25,1,1,3,5,0,0,9,15.7,1.7,"0.0%",0.692307692307692
"Malik Heath",2023,"Packers","$753,000",759000,138,15,24,125,8.3,16,0,1,0,0,0,0,13,18.5,1.4,"0.1%",0.625
"Malik Taylor",2020,"Packers","$610,000",610000,155,5,6,66,13.2,26,2,1,1,9,0,0,15,13.5,0.9,"0.0%",0.833333333333333
"Malik Taylor",2023,"Jets","$382,066",382066,196,2,4,13,6.5,7,0,0,0,0,0,0,3,1.3,0.4,"0.0%",0.5
"Malik Turner",2020,"Cowboys","$750,000",750000,238,0,0,0,0,0,0,0,0,0,0,0,6,0,0,"0.0%",NA
"Malik Turner",2021,"Cowboys","$848,333",848333,120,12,16,149,12.4,61,1,3,0,0,0,0,7,32.9,4.7,"0.0%",0.75
"Malik Turner",2022,"Texans","$59,700",59700,238,0,0,0,0,0,0,0,0,0,0,0,2,0,0,"0.0%",NA
"Marcus Johnson",2020,"Titans","$0",0,128,14,28,255,18.2,55,6,0,0,0,0,0,11,25.5,2.3,"0.0%",0.5
"Marcus Johnson",2021,"Titans","$837,778",942778,147,9,19,160,17.8,50,3,0,2,-2,0,0,7,15.8,2.3,"0.0%",0.473684210526316
"Marcus Johnson",2022,"Giants","$596,667",690000,155,9,22,99,11,18,0,0,0,0,0,0,8,9.9,1.2,"0.0%",0.409090909090909
"Marcus Kemp",2020,"Dolphins","$48,106",48106,208,1,1,11,11,11,0,0,0,0,0,0,10,1.1,0.1,"0.0%",1
"Marcus Kemp",2021,"Chiefs","$850,000",850000,202,2,5,24,12,16,0,0,0,0,0,0,12,2.4,0.2,"0.0%",0.4
"Marcus Kemp",2022,"Chiefs","$330,233",330233,235,0,0,0,0,0,0,0,0,0,0,0,2,0,0,"0.0%",NA
"Marken Michel",2020,"Panthers","$252,728",252728,235,0,0,0,0,0,0,0,0,0,0,0,2,0,0,"0.0%",NA
"Marken Michel",2022,"Commanders","$207,000",207000,242,0,0,0,0,0,0,0,0,0,0,0,1,0,0,"0.0%",NA
"Marquez Callaway",2020,"Saints","$576,274",582941,132,21,27,213,10.1,27,1,0,0,0,0,0,11,21.3,1.9,"0.0%",0.777777777777778
"Marquez Callaway",2021,"Saints","$783,333",780000,38,46,84,698,15.2,58,9,6,0,0,0,0,17,105.8,6.2,"0.0%",0.547619047619048
"Marquez Callaway",2022,"Saints","$898,334",895000,129,16,32,158,9.9,33,2,1,0,0,0,0,10,21.8,2.2,"0.0%",0.5
"Marquez Callaway",2023,"Saints","$238,333",238333,205,0,0,0,0,0,0,0,0,0,0,0,3,0,0,"0.0%",NA
"Marquez Stevenson",2021,"Bills","$553,413",682818,227,0,0,0,0,0,0,0,0,0,0,0,5,0,0,"0.0%",NA
"Marquez Valdes-Scantling",2020,"Packers","$804,389",750000,44,33,63,690,20.9,78,10,6,4,13,0,1,16,104.3,6.5,"0.7%",0.523809523809524
"Marquez Valdes-Scantling",2021,"Packers","$2,237,389",2183000,73,26,55,430,16.5,75,8,3,0,0,0,0,11,61,5.5,"0.7%",0.472727272727273
"Marquez Valdes-Scantling",2022,"Chiefs","$5,000,000",9e+06,52,42,81,687,16.4,57,13,2,1,-3,0,0,17,80.4,4.7,"0.7%",0.518518518518518
"Marquez Valdes-Scantling",2023,"Chiefs","$11,000,000",9e+06,105,21,42,315,15,46,5,1,0,0,0,1,16,35.5,2.2,"0.7%",0.5
"Marquise Brown",2020,"Ravens","$2,678,941",1030788,32,58,100,769,13.3,70,13,8,1,1,0,0,16,125,7.8,"27.1%",0.58
"Marquise Brown",2021,"Ravens","$3,214,729",1566576,25,91,146,1008,11.1,49,15,6,1,5,0,1,16,135.3,8.5,"27.1%",0.623287671232877
"Marquise Brown",2022,"Cardinals","$2,102,364",2102364,47,67,107,709,10.6,47,9,3,1,1,0,0,12,89,7.4,"27.1%",0.626168224299065
"Marquise Brown",2023,"Cardinals","$13,413,000",13413000,52,51,101,574,11.3,41,8,4,2,23,0,0,14,83.7,6,"27.1%",0.504950495049505
"Marquise Goodwin",2021,"Bears","$987,500",1212500,111,20,40,313,15.7,50,5,1,2,-1,0,0,14,37.2,2.7,"0.0%",0.5
"Marquise Goodwin",2022,"Seahawks","$1,001,389",1212500,72,27,42,387,14.3,38,9,4,2,5,0,0,13,63.2,4.9,"0.0%",0.642857142857143
"Marquise Goodwin",2023,"Browns","$1,640,000",1625000,163,4,13,67,16.8,57,1,0,4,33,0,0,12,10,0.8,"0.0%",0.307692307692308
"Marvin Hall",2020,"Browns","$194,118",194118,103,18,32,302,16.8,73,4,2,1,1,0,0,12,42.3,3.5,"0.0%",0.5625
"Mason Kinsey",2021,"Titans","$193,067",193067,230,0,0,0,0,0,0,0,0,0,0,0,1,0,0,"0.0%",NA
"Mason Kinsey",2022,"Titans","$262,333",262333,212,1,1,3,3,3,0,0,0,0,0,0,2,0.3,0.2,"0.0%",1
"Mason Kinsey",2023,"Titans","$166,667",166667,200,1,1,6,6,6,0,0,0,0,0,0,6,0.6,0.1,"0.0%",1
"Matt Cole",2020,"49ers","$71,765",71765,223,0,0,0,0,0,0,0,0,0,0,0,1,0,0,"0.0%",NA
"Matt Cole",2021,"Seahawks","$36,800",36800,224,0,0,0,0,0,0,0,0,0,0,0,1,0,0,"0.0%",NA
"Maurice Alexander",2022,"Lions","$154,167",154167,207,1,1,7,7,7,0,0,0,0,0,0,3,0.7,0.2,"0.0%",1
"Maurice Ffrench",2021,"Chargers","$238,801",238801,222,0,0,0,0,0,0,0,1,3,0,0,2,0.3,0.2,"0.0%",NA
"Michael Bandy",2021,"Chargers","$193,067",193067,240,0,0,0,0,0,0,0,0,0,0,0,2,0,0,"0.0%",NA
"Michael Bandy",2022,"Chargers","$470,000",470000,158,10,21,89,8.9,25,2,0,0,0,0,0,8,8.9,1.1,"0.0%",0.476190476190476
"Michael Bandy",2023,"Broncos","$96,667",96667,225,0,0,0,0,0,0,0,0,0,0,0,1,0,0,"0.0%",NA
"Michael Gallup",2020,"Cowboys","$972,495",750000,36,59,105,843,14.3,55,11,5,0,0,0,0,16,114.3,7.1,"0.0%",0.561904761904762
"Michael Gallup",2021,"Cowboys","$2,655,495",2433000,81,35,62,445,12.7,41,6,2,0,0,0,0,9,56.5,6.3,"0.0%",0.564516129032258
"Michael Gallup",2022,"Cowboys","$4,823,529",12823529,67,39,74,424,10.9,27,4,4,0,0,0,0,14,66.4,4.7,"0.0%",0.527027027027027
"Michael Gallup",2023,"Cowboys","$6,950,000",1.2e+07,80,34,57,418,12.3,41,6,2,0,0,0,0,17,53.8,3.2,"0.0%",0.596491228070175
"Michael Thomas",2020,"Saints","$7,000,000",1.1e+07,102,40,55,438,11,24,5,0,1,1,0,0,7,43.9,6.3,"0.7%",0.727272727272727
"Michael Thomas",2022,"Saints","$13,228,588",15800000,112,16,22,171,10.7,21,2,3,0,0,0,0,3,35.1,11.7,"0.7%",0.727272727272727
"Michael Thomas",2023,"Saints","$14,453,588",6460000,82,39,64,448,11.5,31,4,1,0,0,0,0,10,50.8,5.1,"0.7%",0.609375
"Michael Wilson",2023,"Cardinals","$970,811",1633244,56,38,58,565,14.9,69,7,3,0,0,0,0,13,76.5,5.9,"17.6%",0.655172413793103
"Mike Evans",2020,"Buccaneers","$8,387,500",16750000,8,70,109,1006,14.4,50,20,13,0,0,0,0,16,178.6,11.2,"97.0%",0.642201834862385
"Mike Evans",2021,"Buccaneers","$7,697,500",12250000,6,74,114,1035,14,46,20,14,1,10,0,0,16,188.5,11.8,"97.0%",0.649122807017544
"Mike Evans",2022,"Buccaneers","$10,256,278",13937778,16,77,127,1124,14.6,63,19,6,0,0,0,0,15,148.4,9.9,"97.0%",0.606299212598425
"Mike Evans",2023,"Buccaneers","$23,698,500",14500000,4,79,136,1255,15.9,75,20,13,0,0,0,0,17,203.5,12,"97.0%",0.580882352941177
"Mike Thomas",2020,"Bengals","$850,000",850000,144,13,21,132,10.2,29,2,1,1,1,0,1,14,17.3,1.2,"0.0%",0.619047619047619
"Mike Thomas",2021,"Bengals","$0",0,182,5,11,52,10.4,19,0,0,0,0,0,0,7,5.2,0.7,"0.0%",0.454545454545455
"Mike Thomas",2022,"Ravens","$46,200",46200,169,2,10,38,19,33,1,0,0,0,0,0,5,5.8,1.2,"0.0%",0.2
"Mike Williams",2020,"Chargers","$6,374,109",3248190,42,48,85,756,15.8,64,13,5,1,1,0,0,15,105.7,7,"15.3%",0.564705882352941
"Mike Williams",2021,"Chargers","$15,680,000",15680000,9,76,129,1146,15.1,72,17,9,0,0,0,0,16,170.6,10.7,"15.3%",0.589147286821705
"Mike Williams",2022,"Chargers","$14,000,000",2.8e+07,32,63,93,895,14.2,55,11,4,0,0,0,0,13,113.5,8.7,"15.3%",0.67741935483871
"Mike Williams",2023,"Chargers","$13,540,000",1.2e+07,111,19,26,249,13.1,49,4,1,1,3,0,0,3,31.2,10.4,"15.3%",0.730769230769231
"Miles Boykin",2020,"Ravens","$889,232",675000,96,19,33,266,14,43,3,4,0,0,0,0,16,50.6,3.2,"0.0%",0.575757575757576
"Miles Boykin",2021,"Ravens","$1,064,232",850000,219,1,1,6,6,6,0,0,0,0,0,0,2,0.6,0.3,"0.0%",1
"Miles Boykin",2022,"Steelers","$2,540,000",2540000,205,2,3,11,5.5,11,0,0,0,0,0,0,10,1.1,0.1,"0.0%",0.666666666666667
"Miles Boykin",2023,"Steelers","$940,000",1080000,192,3,4,17,5.7,6,0,0,0,0,0,0,16,1.7,0.1,"0.0%",0.75
"Mitchell Tinsley",2023,"Commanders","$755,000",765000,238,0,0,0,0,0,0,0,0,0,0,0,1,0,0,"0.0%",NA
"Montrell Washington",2022,"Broncos","$783,547",1074872,204,4,9,2,0.5,4,0,0,5,30,0,1,15,1.2,0.1,"0.0%",0.444444444444444
"Montrell Washington",2023,"Chiefs","$216,666",216666,232,0,0,0,0,0,0,0,0,0,0,0,5,0,0,"0.0%",NA
"N'Keal Harry",2020,"Patriots","$2,295,079",954016,106,33,57,309,9.4,30,2,2,2,0,0,1,14,40.9,2.9,"0.0%",0.578947368421053
"N'Keal Harry",2021,"Patriots","$2,754,095",1413032,144,12,22,184,15.3,43,3,0,0,0,0,1,10,16.4,1.6,"0.0%",0.545454545454545
"N'Keal Harry",2022,"Bears","$1,872,048",1872048,140,7,9,116,16.6,49,1,1,0,0,0,0,6,17.6,2.9,"0.0%",0.777777777777778
"N'Keal Harry",2023,"Vikings","$80,500",80500,243,0,0,0,0,0,0,0,0,0,0,0,8,0,0,"0.0%",NA
"Nelson Agholor",2020,"Raiders","$887,500",1047500,21,48,82,896,18.7,85,15,8,0,0,0,0,16,137.6,8.6,"0.4%",0.585365853658537
"Nelson Agholor",2021,"Patriots","$6,941,176",11882353,66,37,64,473,12.8,44,9,3,3,11,0,0,15,66.4,4.4,"0.4%",0.578125
"Nelson Agholor",2022,"Patriots","$14,941,176",9941176,100,31,53,362,11.7,44,6,2,0,0,0,2,15,44.2,2.9,"0.4%",0.584905660377358
"Nelson Agholor",2023,"Ravens","$1,582,000",3750000,71,35,45,381,10.9,37,4,4,0,0,0,0,17,62.1,3.7,"0.4%",0.777777777777778
"Nick Westbrook-Ikhine",2020,"Titans","$574,118",574118,181,3,8,33,11,19,0,0,0,0,0,0,14,5.3,0.4,"1.1%",0.375
"Nick Westbrook-Ikhine",2021,"Titans","$780,000",780000,65,38,57,476,12.5,46,5,4,0,0,0,1,15,69.6,4.6,"1.1%",0.666666666666667
"Nick Westbrook-Ikhine",2022,"Titans","$895,000",895000,79,25,50,397,15.9,63,5,3,0,0,0,0,16,57.7,3.6,"1.1%",0.5
"Nick Westbrook-Ikhine",2023,"Titans","$1,260,000",1260000,75,28,45,370,13.2,33,8,3,0,0,0,0,14,57,4.1,"1.1%",0.622222222222222
"Nico Collins",2021,"Texans","$844,897",1522087,91,33,60,446,13.5,32,8,1,0,0,0,0,14,50.6,3.6,"98.2%",0.55
"Nico Collins",2022,"Texans","$1,107,163",881433,76,37,66,481,13,58,8,2,0,0,0,0,10,60.1,6,"98.2%",0.560606060606061
"Nico Collins",2023,"Texans","$1,328,595",1102865,9,80,109,1297,16.2,75,25,8,1,7,0,0,15,180.4,12,"98.2%",0.73394495412844
"Noah Brown",2020,"Cowboys","$842,988",825000,151,14,24,154,11,20,1,0,1,4,0,0,16,15.8,1,"2.0%",0.583333333333333
"Noah Brown",2021,"Cowboys","$987,500",1127500,140,16,25,184,11.5,27,3,0,0,0,0,0,10,18.4,1.8,"2.0%",0.64
"Noah Brown",2022,"Cowboys","$1,047,500",1187500,59,43,74,555,12.9,51,6,3,0,0,0,1,16,71.5,4.5,"2.0%",0.581081081081081
"Noah Brown",2023,"Texans","$2,829,412",2455882,66,33,55,567,17.2,75,14,2,1,-1,0,0,10,68.6,6.9,"2.0%",0.6
"Nsimba Webster",2020,"Rams","$675,000",675000,256,0,0,0,0,0,0,0,0,0,0,1,16,-2,-0.1,"0.0%",NA
"Nsimba Webster",2021,"Bears","$204,844",204844,231,0,0,0,0,0,0,0,0,0,0,0,6,0,0,"0.0%",NA
"Nsimba Webster",2022,"Bears","$425,622",425622,201,2,3,14,7,8,0,0,0,0,0,0,1,1.4,1.4,"0.0%",0.666666666666667
"Odell Beckham Jr.",2020,"Browns","$14,250,000",14250000,77,23,43,319,13.9,43,3,3,3,72,1,0,7,63.8,9.1,"2.7%",0.534883720930233
"Odell Beckham Jr.",2021,"Rams","$850,000",4750000,52,44,82,537,12.2,54,7,5,2,14,0,0,14,85.1,6.1,"2.7%",0.536585365853659
"Odell Beckham Jr.",2023,"Ravens","$4,932,000",1.6e+07,63,35,64,565,16.1,51,10,3,0,0,0,1,14,72.5,5.2,"2.7%",0.546875
"Olamide Zaccheaus",2020,"Falcons","$603,137",601471,113,20,32,274,13.7,51,2,1,1,0,0,0,11,33.4,3,"0.7%",0.625
"Olamide Zaccheaus",2021,"Falcons","$851,668",850000,77,31,53,406,13.1,49,4,3,1,2,0,0,15,58.8,3.9,"0.7%",0.584905660377358
"Olamide Zaccheaus",2022,"Falcons","$2,433,000",2433000,62,40,61,533,13.3,45,9,3,2,7,0,1,17,70,4.1,"0.7%",0.655737704918033
"Olamide Zaccheaus",2023,"Eagles","$1,092,500",1232500,115,10,20,164,16.4,34,4,2,0,0,0,0,17,28.4,1.7,"0.7%",0.5
"Parker Washington",2023,"Jaguars","$698,066",842264,127,16,21,132,8.3,19,0,2,0,0,0,1,9,23.2,2.6,"3.9%",0.761904761904762
"Parris Campbell",2020,"Colts","$1,085,440",712088,169,6,9,71,11.8,21,1,0,2,16,0,0,2,8.7,4.4,"0.1%",0.666666666666667
"Parris Campbell",2021,"Colts","$1,302,528",929176,137,10,20,162,16.2,51,3,1,0,0,0,0,6,22.2,3.7,"0.1%",0.5
"Parris Campbell",2022,"Colts","$1,519,616",1146264,50,63,91,623,9.9,49,7,3,5,58,0,0,17,86.1,5.1,"0.1%",0.692307692307692
"Parris Campbell",2023,"Giants","$5,000,000",4200000,161,20,27,104,5.2,17,0,0,0,0,0,0,12,10.4,0.9,"0.1%",0.740740740740741
"Penny Hart",2020,"Seahawks","$71,764",71764,197,1,1,3,3,3,0,0,1,19,0,0,13,2.2,0.2,"0.0%",1
"Penny Hart",2021,"Seahawks","$780,000",780000,176,7,12,59,8.4,16,0,0,0,0,0,0,12,5.9,0.5,"0.0%",0.583333333333333
"Penny Hart",2022,"Seahawks","$895,000",895000,193,3,4,20,6.7,15,0,0,0,0,0,0,3,2,0.7,"0.0%",0.75
"Pharoh Cooper",2020,"Panthers","$1,210,000",1210000,173,5,8,73,14.6,32,1,0,0,0,0,0,16,7.3,0.5,"0.0%",0.625
"Pharoh Cooper",2021,"Giants","$460,222",460222,191,4,11,33,8.3,15,0,0,1,3,0,0,8,3.6,0.5,"0.0%",0.363636363636364
"Pharoh Cooper",2022,"Cardinals","$99,444",115000,190,2,2,6,3,3,0,0,4,15,0,0,5,2.1,0.4,"0.0%",1
"Preston Williams",2020,"Dolphins","$560,686",557353,89,18,35,288,16,47,6,4,0,0,0,0,8,56.8,7.1,"0.0%",0.514285714285714
"Preston Williams",2021,"Dolphins","$853,334",850000,169,6,16,71,11.8,34,2,0,1,7,0,0,6,7.8,1.3,"0.0%",0.375
"Puka Nacua",2023,"Rams","$811,245",994980,5,105,160,1486,14.2,80,25,6,12,89,0,0,17,193.5,11.4,"97.4%",0.65625
"Quentin Johnston",2023,"Chargers","$2,579,779",8069116,78,38,67,431,11.3,57,5,2,3,9,0,0,17,56,3.3,"33.8%",0.567164179104478
"Quez Watkins",2020,"Eagles","$603,003",730248,149,7,13,106,15.1,43,2,1,0,0,0,0,6,16.6,2.8,"0.0%",0.538461538461538
"Quez Watkins",2021,"Eagles","$822,415",780000,63,43,62,647,15,91,12,1,1,3,0,0,17,73,4.3,"0.0%",0.693548387096774
"Quez Watkins",2022,"Eagles","$937,415",895000,87,33,51,354,10.7,53,5,3,3,1,0,1,17,51.5,3,"0.0%",0.647058823529412
"Quez Watkins",2023,"Eagles","$2,785,415",2743000,134,15,21,142,9.5,19,0,1,0,0,0,0,9,20.2,2.2,"0.0%",0.714285714285714
"Quintez Cephus",2020,"Lions","$686,073",914292,98,20,35,349,17.5,49,7,2,0,0,0,0,13,46.9,3.6,"0.0%",0.571428571428571
"Quintez Cephus",2021,"Lions","$610,517",534444,117,15,22,204,13.6,46,5,2,0,0,0,0,5,34.4,6.9,"0.0%",0.681818181818182
"Quintez Cephus",2022,"Lions","$971,073",895000,199,2,3,15,7.5,9,0,0,0,0,0,0,3,1.5,0.5,"0.0%",0.666666666666667
"Racey McMath",2021,"Titans","$512,283",640800,263,2,6,8,4,9,0,0,0,0,0,1,6,-1.2,-0.2,"0.0%",0.333333333333333
"Racey McMath",2022,"Titans","$600,617",557778,175,2,8,40,20,39,1,0,1,4,0,0,4,4.4,1.1,"0.0%",0.25
"Rakim Jarrett",2023,"Buccaneers","$658,333",675000,176,4,9,60,15,41,1,0,1,0,0,0,10,6,0.6,"0.2%",0.444444444444444
"Raleigh Webb",2022,"Patriots","$470,000",470000,225,0,0,0,0,0,0,0,0,0,0,0,3,0,0,"0.0%",NA
"Randall Cobb",2020,"Texans","$6,101,563",9984375,79,38,48,441,11.6,34,6,3,0,0,0,0,10,62.1,6.2,"0.0%",0.791666666666667
"Randall Cobb",2021,"Packers","$2,687,254",5625000,68,28,39,375,13.4,54,6,5,1,1,0,1,11,65.6,6,"0.0%",0.717948717948718
"Randall Cobb",2022,"Packers","$4,149,019",3e+06,91,34,50,417,12.3,40,7,1,0,0,0,0,13,47.7,3.7,"0.0%",0.68
"Randall Cobb",2023,"Jets","$2,882,353",2823529,155,5,17,39,7.8,15,0,1,0,0,0,0,11,11.9,1.1,"0.0%",0.294117647058824
"Rashard Higgins",2020,"Browns","$750,000",910000,58,37,52,599,16.2,43,12,4,0,0,0,0,13,83.9,6.5,"0.0%",0.711538461538462
"Rashard Higgins",2021,"Browns","$1,127,500",2377500,119,24,47,275,11.5,21,1,1,0,0,0,0,12,33.5,2.8,"0.0%",0.51063829787234
"Rashard Higgins",2022,"Panthers","$1,047,500",1187500,245,0,0,0,0,0,0,0,0,0,0,0,1,0,0,"0.0%",NA
"Rashee Rice",2023,"Chiefs","$1,180,949",2473796,27,79,102,938,11.9,67,10,7,1,-3,0,1,16,133.5,8.3,"38.2%",0.774509803921569
"Rashid Shaheed",2022,"Saints","$509,167",509167,57,28,34,488,17.4,68,6,2,4,57,1,0,12,72.5,6,"30.0%",0.823529411764706
"Rashid Shaheed",2023,"Saints","$870,000",870000,40,46,75,719,15.6,58,12,5,7,37,0,1,16,109.6,6.9,"30.0%",0.613333333333333
"Rashod Bateman",2021,"Ravens","$2,290,802",7183208,80,46,68,515,11.2,36,8,1,0,0,0,0,12,57.5,4.8,"27.1%",0.676470588235294
"Rashod Bateman",2022,"Ravens","$2,863,503",1232701,109,15,28,285,19,75,5,2,0,0,0,1,6,38.5,6.4,"27.1%",0.535714285714286
"Rashod Bateman",2023,"Ravens","$3,436,204",1805402,90,32,56,367,11.5,29,2,1,1,18,0,0,16,44.5,2.8,"27.1%",0.571428571428571
"Reggie Begelton",2020,"Packers","$109,200",109200,222,0,0,0,0,0,0,0,0,0,0,0,1,0,0,"0.0%",NA
"Riley Ridley",2020,"Bears","$845,649",675000,187,4,4,39,9.8,18,0,0,0,0,0,0,5,3.9,0.8,"0.0%",1
"River Cracraft",2020,"49ers","$317,647",317647,185,6,9,41,6.8,12,0,0,0,0,0,0,9,4.1,0.5,"0.0%",0.666666666666667
"River Cracraft",2021,"49ers","$236,111",236111,249,0,0,0,0,0,0,0,0,0,0,0,3,0,0,"0.0%",NA
"River Cracraft",2022,"Dolphins","$804,167",804167,128,9,14,102,11.3,22,1,2,0,0,0,0,8,22.2,2.8,"0.0%",0.642857142857143
"River Cracraft",2023,"Dolphins","$768,889",873889,139,9,12,121,13.4,24,2,1,0,0,0,0,10,18.1,1.8,"0.0%",0.75
"Robbie Chosen",2020,"Panthers","$8,000,000",1.2e+07,27,95,136,1096,11.5,75,16,3,4,15,0,1,16,129.1,8.1,"0.0%",0.698529411764706
"Robbie Chosen",2021,"Panthers","$8,826,666",12500000,51,53,110,519,9.8,57,3,5,3,36,0,0,17,85.5,5,"0.0%",0.481818181818182
"Robbie Chosen",2022,"Cardinals","$690,000",690000,115,20,44,282,14.1,75,3,1,0,0,0,1,12,32.2,2.7,"0.0%",0.454545454545455
"Robbie Chosen",2023,"Dolphins","$365,556",453056,137,4,6,126,31.5,68,2,1,0,0,0,0,9,18.6,2.1,"0.0%",0.666666666666667
"Robert Foster",2020,"Commanders","$485,294",485294,188,2,6,37,18.5,28,1,0,0,0,0,0,4,3.7,0.9,"0.0%",0.333333333333333
"Robert Woods",2020,"Rams","$8,375,000",8e+06,13,90,129,936,10.4,56,11,6,24,155,2,1,16,155.1,9.7,"0.8%",0.697674418604651
"Robert Woods",2021,"Rams","$5,875,000",12500000,47,45,69,556,12.4,28,8,4,8,46,1,0,9,92.2,10.2,"0.8%",0.652173913043478
"Robert Woods",2022,"Titans","$7,410,000",1e+07,73,53,91,527,9.9,41,3,2,0,0,0,1,17,62.7,3.7,"0.8%",0.582417582417582
"Robert Woods",2023,"Texans","$5,500,000",8705882,83,40,75,426,10.7,26,2,1,1,7,0,0,14,49.3,3.5,"0.8%",0.533333333333333
"Rodney Adams",2021,"Bears","$199,733",199733,251,0,1,0,0,0,0,0,0,0,0,0,1,0,0,"0.0%",0
"Romeo Doubs",2022,"Packers","$875,979",1388916,77,42,67,425,10.1,26,7,3,1,11,0,1,13,59.6,4.6,"62.7%",0.626865671641791
"Romeo Doubs",2023,"Packers","$1,040,979",870000,39,59,96,674,11.4,36,7,8,0,0,0,0,17,115.4,6.8,"62.7%",0.614583333333333
"Rondale Moore",2021,"Cardinals","$1,258,955",3055820,85,54,64,435,8.1,77,3,1,18,76,0,1,14,55.1,3.9,"0.8%",0.84375
"Rondale Moore",2022,"Cardinals","$1,573,694",974739,93,41,56,414,10.1,38,6,1,6,-5,0,0,8,46.9,5.9,"0.8%",0.732142857142857
"Rondale Moore",2023,"Cardinals","$1,888,433",1289478,67,40,62,352,8.8,48,4,1,28,178,1,0,17,65,3.8,"0.8%",0.645161290322581
"Ronnie Bell",2023,"49ers","$769,446",827784,123,6,13,68,11.3,20,1,3,0,0,0,0,16,24.8,1.6,"0.1%",0.461538461538462
"Russell Gage",2020,"Falcons","$789,048",750000,40,72,109,786,10.9,35,6,4,2,9,0,0,16,109.1,6.8,"0.0%",0.660550458715596
"Russell Gage",2021,"Falcons","$2,222,048",2183000,45,66,94,770,11.7,49,8,4,0,0,0,2,13,97,7.5,"0.0%",0.702127659574468
"Russell Gage",2022,"Buccaneers","$5,666,666",1e+07,56,51,70,426,8.4,23,3,5,0,0,0,1,13,72.6,5.6,"0.0%",0.728571428571429
"Ryan Miller",2023,"Buccaneers","$245,667",245667,216,0,0,0,0,0,0,0,0,0,0,0,1,0,0,"0.1%",NA
"Ryan Switzer",2021,"Browns","$490,000",490000,252,0,0,0,0,0,0,0,0,0,0,0,1,0,0,"0.0%",NA
"Sammy Watkins",2020,"Chiefs","$15,875,000",9e+06,94,37,55,421,11.4,37,4,2,1,3,0,1,10,51.4,5.1,"0.0%",0.672727272727273
"Sammy Watkins",2021,"Ravens","$5,000,000",5e+06,102,27,49,394,14.6,49,6,1,0,0,0,1,11,43.4,3.9,"0.0%",0.551020408163265
"Sammy Watkins",2022,"Ravens","$186,667",186667,117,16,27,325,20.3,55,7,0,0,0,0,1,9,30.5,3.4,"0.0%",0.592592592592593
"Samori Toure",2022,"Packers","$724,253",782012,146,5,10,82,16.4,37,2,1,0,0,0,0,4,14.2,3.6,"0.0%",0.5
"Samori Toure",2023,"Packers","$867,309",848056,168,8,18,78,9.8,35,1,0,0,0,0,1,11,7.8,0.7,"0.0%",0.444444444444444
"Seth Roberts",2020,"Packers","$120,000",120000,192,4,6,31,7.8,12,0,0,0,0,0,0,7,3.1,0.4,"0.0%",0.666666666666667
"Seth Williams",2021,"Broncos","$36,667",36667,195,1,1,34,34,34,1,0,0,0,0,0,1,3.4,3.4,"0.0%",1
"Shedrick Jackson",2023,"Bengals","$305,001",305001,218,0,1,0,0,0,0,0,0,0,0,0,2,0,0,"0.0%",0
"Shi Smith",2021,"Panthers","$703,104",832416,162,6,11,104,17.3,63,1,0,1,-3,0,0,5,10.1,2,"0.0%",0.545454545454545
"Shi Smith",2022,"Panthers","$868,104",825000,107,22,41,296,13.5,38,6,2,0,0,0,1,17,39.6,2.3,"0.0%",0.536585365853659
"Simi Fehoko",2022,"Cowboys","$617,816",557778,188,3,4,24,8,12,0,0,0,0,0,0,3,2.4,0.8,"0.6%",0.75
"Simi Fehoko",2023,"Chargers","$60,000",60000,171,1,2,9,9,9,0,1,0,0,0,0,5,6.9,1.4,"0.6%",0.5
"Skyy Moore",2022,"Chiefs","$1,172,819",2576276,130,22,33,250,11.4,30,2,0,3,24,0,3,16,21.4,1.3,"0.1%",0.666666666666667
"Skyy Moore",2023,"Chiefs","$1,466,024",998205,108,21,38,244,11.6,54,3,1,3,23,0,0,14,32.7,2.3,"0.1%",0.552631578947368
"Stefon Diggs",2020,"Bills","$13,450,000",14700000,3,127,166,1535,12.1,55,20,8,1,1,0,0,16,201.6,12.6,"56.6%",0.765060240963855
"Stefon Diggs",2021,"Bills","$6,378,954",13755882,8,103,164,1225,11.9,61,12,10,0,0,0,0,17,182.5,10.7,"56.6%",0.628048780487805
"Stefon Diggs",2022,"Bills","$11,736,111",24580000,5,110,156,1455,13.2,53,17,11,1,-3,0,0,17,211.2,12.4,"56.6%",0.705128205128205
"Stefon Diggs",2023,"Bills","$14,875,111",24415000,12,107,160,1183,11.1,55,10,8,1,5,0,1,17,166.8,9.8,"56.6%",0.66875
"Sterling Shepard",2020,"Giants","$8,500,000",6500000,52,66,90,656,9.9,29,10,3,6,49,1,0,12,96.5,8,"7.5%",0.733333333333333
"Sterling Shepard",2021,"Giants","$5,010,000",7e+06,106,36,53,366,10.2,37,4,1,1,-9,0,0,7,41.7,6,"7.5%",0.679245283018868
"Sterling Shepard",2022,"Giants","$6,303,824",2382353,132,13,24,154,11.8,65,1,1,0,0,0,0,3,21.4,7.1,"7.5%",0.541666666666667
"Sterling Shepard",2023,"Giants","$1,092,500",1317500,162,10,22,57,5.7,13,0,1,1,6,0,1,15,10.3,0.7,"7.5%",0.454545454545455
"T.Y. Hilton",2020,"Colts","$14,542,000",14542000,41,56,93,762,13.6,50,11,5,0,0,0,0,15,108.2,7.2,"3.0%",0.602150537634409
"T.Y. Hilton",2021,"Colts","$6,450,000",8e+06,89,23,37,331,14.4,52,4,3,0,0,0,0,10,51.1,5.1,"3.0%",0.621621621621622
"T.Y. Hilton",2022,"Cowboys","$800,000",635294,151,7,10,121,17.3,52,2,0,0,0,0,0,3,12.1,4,"3.0%",0.7
"Tajae Sharpe",2020,"Chiefs","$24,000",24000,249,0,3,0,0,0,0,0,0,0,0,0,4,0,0,"0.0%",0
"Tajae Sharpe",2021,"Falcons","$850,000",990000,135,25,37,230,9.2,17,0,0,0,0,0,0,14,23,1.6,"0.0%",0.675675675675676
"Tank Dell",2023,"Texans","$951,049",1804195,37,47,75,709,15.1,68,10,7,11,51,0,0,11,118,10.7,"91.9%",0.626666666666667
"Tanner Gentry",2022,"Bills","$286,999",286999,237,0,1,0,0,0,0,0,0,0,0,0,1,0,0,"0.0%",0
"Tarik Black",2021,"Jets","$46,000",46000,217,1,2,10,10,10,0,0,0,0,0,0,1,1,1,"0.0%",0.5
"Tavon Austin",2020,"Packers","$220,588",308824,226,5,5,20,4,7,0,0,0,0,0,1,4,0,0,"0.1%",1
"Tavon Austin",2021,"Jaguars","$785,833",990000,129,24,38,213,8.9,25,2,1,3,21,0,1,12,27.4,2.3,"0.1%",0.631578947368421
"Tay Martin",2022,"49ers","$262,334",262334,229,0,0,0,0,0,0,0,0,0,0,0,1,0,0,"0.0%",NA
"Tay Martin",2023,"49ers","$245,667",245667,237,0,0,0,0,0,0,0,0,0,0,0,1,0,0,"0.0%",NA
"Taywan Taylor",2020,"Browns","$548,529",548529,234,0,1,0,0,0,0,0,0,0,0,0,3,0,0,"0.0%",0
"Tee Higgins",2020,"Bengals","$1,579,416",4487664,28,67,108,908,13.6,67,14,6,5,28,0,1,16,127.6,8,"94.1%",0.62037037037037
"Tee Higgins",2021,"Bengals","$1,974,270",1004854,17,74,110,1091,14.7,54,17,6,0,0,0,1,14,145.1,10.4,"94.1%",0.672727272727273
"Tee Higgins",2022,"Bengals","$2,369,124",1399708,17,75,110,1042,13.9,59,14,7,0,0,0,0,15,148.2,9.9,"94.1%",0.681818181818182
"Tee Higgins",2023,"Bengals","$3,962,416",2993000,45,42,76,656,15.6,80,8,5,0,0,0,0,12,95.6,8,"94.1%",0.552631578947368
"Terrace Marshall Jr.",2021,"Panthers","$1,041,724",2186896,148,17,30,138,8.1,23,1,0,0,0,0,0,12,15.8,1.3,"0.0%",0.566666666666667
"Terrace Marshall Jr.",2022,"Panthers","$1,302,155",920431,82,28,47,490,17.5,43,10,1,0,0,0,0,13,55,4.2,"0.0%",0.595744680851064
"Terrace Marshall Jr.",2023,"Panthers","$1,562,586",1180862,150,19,33,139,7.3,14,0,0,0,0,0,0,9,13.9,1.5,"0.0%",0.575757575757576
"Terrell Bynum",2023,"Chargers","$245,667",245667,222,0,0,0,0,0,0,0,0,0,0,0,1,0,0,"0.0%",NA
"Terry Godwin",2020,"Jaguars","$35,882",35882,191,3,6,32,10.7,21,1,0,1,3,0,0,3,3.5,1.2,"0.0%",0.5
"Terry McLaurin",2020,"Commanders","$932,256",681451,23,87,134,1118,12.9,68,17,4,2,30,0,1,15,136.8,9.1,"94.2%",0.649253731343284
"Terry McLaurin",2021,"Commanders","$1,100,805",850000,24,77,130,1053,13.7,46,15,5,1,12,0,0,17,136.5,8,"94.2%",0.592307692307692
"Terry McLaurin",2022,"Commanders","$7,329,923",29479118,14,77,120,1191,15.5,52,16,5,7,29,0,0,17,152,8.9,"94.2%",0.641666666666667
"Terry McLaurin",2023,"Commanders","$11,025,000",5425000,33,79,132,1002,12.7,48,15,4,0,0,0,0,17,124.2,7.3,"94.2%",0.598484848484849
"Tim Jones",2022,"Jaguars","$705,000",705000,181,3,4,30,10,20,1,0,0,0,0,0,7,3,0.4,"0.0%",0.75
"Tim Jones",2023,"Jaguars","$870,000",870000,167,11,18,83,7.5,15,0,0,0,0,0,0,17,8.3,0.5,"0.0%",0.611111111111111
"Tim Patrick",2020,"Broncos","$750,000",750000,39,51,79,742,14.5,61,14,6,0,0,0,0,15,110.2,7.3,"0.8%",0.645569620253165
"Tim Patrick",2021,"Broncos","$4,134,000",6384000,40,53,85,734,13.8,44,10,5,0,0,0,0,16,103.4,6.5,"0.8%",0.623529411764706
"Tom Kennedy",2021,"Lions","$293,333",293333,155,6,10,54,9,15,0,0,0,0,0,0,7,12.4,1.8,"0.0%",0.6
"Tom Kennedy",2022,"Lions","$34,500",34500,149,8,15,141,17.6,44,2,0,0,0,0,0,7,14.1,2,"0.0%",0.533333333333333
"Tommylee Lewis",2020,"Saints","$48,529",48529,199,1,3,5,5,5,0,0,2,14,0,0,5,1.9,0.4,"0.0%",0.333333333333333
"Tommylee Lewis",2021,"Dolphins","$138,000",138000,218,1,2,7,7,7,0,0,0,0,0,0,2,0.7,0.4,"0.0%",0.5
"Tony Brown",2020,"Commanders","$67,200",67200,229,0,0,0,0,0,0,0,0,0,0,0,1,0,0,"0.0%",NA
"Travis Benjamin",2021,"49ers","$661,111",836111,264,0,5,0,0,0,0,0,0,0,0,1,5,-2,-0.4,"0.0%",0
"Travis Fulgham",2020,"Eagles","$555,882",555882,63,38,67,539,14.2,42,5,4,0,0,0,0,13,77.9,6,"0.0%",0.567164179104478
"Tre Tucker",2023,"Raiders","$964,378",1607512,81,19,34,331,17.4,50,6,2,10,77,0,0,16,52.8,3.3,"10.6%",0.558823529411765
"Tre'Quan Smith",2020,"Saints","$954,256",750000,71,34,50,448,13.2,31,9,4,1,3,0,0,14,69.1,4.9,"0.0%",0.68
"Tre'Quan Smith",2021,"Saints","$1,432,989",2183000,84,32,50,377,11.8,34,6,3,0,0,0,0,10,55.7,5.6,"0.0%",0.64
"Tre'Quan Smith",2022,"Saints","$1,600,000",3100000,113,19,27,278,14.6,48,4,1,0,0,0,0,10,33.8,3.4,"0.0%",0.703703703703704
"Tre'Quan Smith",2023,"Broncos","$269,300",269300,244,0,0,0,0,0,0,0,0,0,0,0,2,0,0,"0.0%",NA
"Trent Taylor",2020,"49ers","$800,487",750000,171,10,21,86,8.6,29,2,0,0,0,0,0,12,8.6,0.7,"0.0%",0.476190476190476
"Trent Taylor",2021,"Bengals","$400,444",400444,184,2,3,41,20.5,26,1,0,0,0,0,0,4,4.1,1,"0.0%",0.666666666666667
"Trent Taylor",2022,"Bengals","$1,135,000",1135000,170,6,10,62,10.3,34,1,0,4,15,0,1,16,5.7,0.4,"0.0%",0.6
"Trent Taylor",2023,"Bears","$940,000",1080000,249,0,2,0,0,0,0,0,1,-2,0,1,16,-2.2,-0.1,"0.0%",0
"Trenton Irwin",2020,"Bengals","$170,282",170282,211,1,2,5,5,5,0,0,0,0,0,0,1,0.5,0.5,"0.1%",0.5
"Trenton Irwin",2021,"Bengals","$623,333",623333,194,2,5,34,17,25,1,0,0,0,0,0,5,3.4,0.7,"0.1%",0.4
"Trenton Irwin",2022,"Bengals","$320,833",320833,90,15,23,231,15.4,45,3,4,1,11,0,0,9,48.2,5.4,"0.1%",0.652173913043478
"Trenton Irwin",2023,"Bengals","$940,000",940000,99,25,32,316,12.6,32,7,1,0,0,0,0,16,37.6,2.4,"0.1%",0.78125
"Trey Palmer",2023,"Buccaneers","$794,824",929296,76,39,68,385,9.9,54,6,3,3,22,0,1,17,56.7,3.3,"3.1%",0.573529411764706
"Trey Quinn",2020,"Jaguars","$178,518",178518,244,0,0,0,0,0,0,0,0,0,0,0,1,0,0,"0.0%",NA
"Treylon Burks",2022,"Titans","$2,612,653",8335612,81,33,54,444,13.5,51,8,1,4,47,0,0,11,55.1,5,"1.4%",0.611111111111111
"Treylon Burks",2023,"Titans","$3,265,816",1358163,125,16,30,221,13.8,70,4,0,5,18,0,0,11,23.9,2.2,"1.4%",0.533333333333333
"Trinity Benson",2021,"Lions","$660,000",660000,161,10,22,103,10.3,24,2,0,0,0,0,0,7,10.3,1.5,"0.0%",0.454545454545455
"Trinity Benson",2022,"Lions","$248,056",248056,221,0,0,0,0,0,0,0,0,0,0,0,1,0,0,"0.0%",NA
"Trishton Jackson",2023,"Vikings","$120,333",120333,186,2,4,9,4.5,7,0,0,0,0,0,0,6,2.9,0.5,"0.0%",0.5
"Tutu Atwell",2021,"Rams","$1,074,309",2317236,229,0,0,0,0,0,0,0,0,0,0,0,6,0,0,"10.0%",NA
"Tutu Atwell",2022,"Rams","$1,342,886",928577,98,18,35,298,16.6,62,5,1,9,34,1,0,12,45.2,3.8,"10.0%",0.514285714285714
"Tutu Atwell",2023,"Rams","$1,611,463",1197154,59,39,67,483,12.4,44,8,3,5,31,0,0,16,73.4,4.6,"10.0%",0.582089552238806
"Tylan Wallace",2021,"Ravens","$831,339",1345356,203,2,6,23,11.5,18,0,0,0,0,0,0,10,2.3,0.2,"0.1%",0.333333333333333
"Tylan Wallace",2022,"Ravens","$996,339",825000,180,4,7,33,8.3,12,0,0,0,0,0,0,6,3.3,0.6,"0.1%",0.571428571428571
"Tylan Wallace",2023,"Ravens","$1,111,339",940000,169,1,2,11,11,11,0,0,0,0,0,0,9,7.1,0.8,"0.1%",0.5
"Tyler Boyd",2020,"Bengals","$8,050,000",6650000,37,79,110,841,10.6,72,7,4,5,49,0,0,15,113.6,7.6,"3.6%",0.718181818181818
"Tyler Boyd",2021,"Bengals","$9,850,000",8450000,33,67,94,828,12.4,68,10,5,2,22,0,0,16,116.8,7.3,"3.6%",0.712765957446808
"Tyler Boyd",2022,"Bengals","$10,100,000",8700000,28,59,83,776,13.2,60,10,6,0,0,0,0,17,116.5,6.9,"3.6%",0.710843373493976
"Tyler Boyd",2023,"Bengals","$10,300,000",8900000,55,67,98,667,10,64,6,2,2,11,0,0,17,78.8,4.6,"3.6%",0.683673469387755
"Tyler Johnson",2020,"Buccaneers","$688,605",924420,119,12,17,169,14.1,35,3,2,0,0,0,0,14,28.9,2.1,"7.2%",0.705882352941177
"Tyler Johnson",2021,"Buccaneers","$858,605",780000,113,36,55,360,10,31,4,0,0,0,0,0,16,36,2.3,"7.2%",0.654545454545455
"Tyler Johnson",2023,"Rams","$56,111",56111,173,2,3,8,4,8,0,1,0,0,0,0,1,6.8,6.8,"7.2%",0.666666666666667
"Tyler Lockett",2020,"Seahawks","$12,250,000",10200000,11,100,132,1054,10.5,47,10,10,0,0,0,0,16,165.4,10.3,"68.8%",0.757575757575758
"Tyler Lockett",2021,"Seahawks","$8,050,000",2.1e+07,11,73,107,1175,16.1,69,22,8,2,9,0,0,16,168.4,10.5,"68.8%",0.682242990654206
"Tyler Lockett",2022,"Seahawks","$10,050,000",1.6e+07,13,84,117,1033,12.3,40,14,9,0,0,0,2,16,153.3,9.6,"68.8%",0.717948717948718
"Tyler Lockett",2023,"Seahawks","$11,060,000",9700000,34,79,122,894,11.3,37,9,5,0,0,0,0,17,123.4,7.3,"68.8%",0.647540983606557
"Tyler Scott",2023,"Bears","$915,862",1413448,136,17,32,168,9.9,30,1,0,7,41,0,1,17,18.9,1.1,"0.1%",0.53125
"Tyquan Thornton",2022,"Patriots","$1,282,520",3015080,99,22,45,247,11.2,29,4,2,3,16,1,0,12,44.3,3.7,"0.1%",0.488888888888889
"Tyquan Thornton",2023,"Patriots","$1,603,150",1025630,148,13,23,91,7,15,0,0,3,51,0,0,9,14.2,1.6,"0.1%",0.565217391304348
"Tyreek Hill",2020,"Chiefs","$17,740,000",16290000,2,87,135,1276,14.7,75,20,15,13,123,2,0,15,241.9,16.1,"99.7%",0.644444444444444
"Tyreek Hill",2021,"Chiefs","$15,850,500",13200500,7,111,159,1239,11.2,75,13,9,9,96,0,1,17,185.5,10.9,"99.7%",0.69811320754717
"Tyreek Hill",2022,"Dolphins","$6,485,000",26885000,3,119,170,1710,14.4,64,25,7,7,32,1,0,17,222.2,13.1,"99.7%",0.7
"Tyreek Hill",2023,"Dolphins","$12,823,750",26350000,2,119,171,1799,15.1,78,29,13,6,15,0,1,16,257.4,16.1,"99.7%",0.695906432748538
"Tyrie Cleveland",2020,"Broncos","$628,873",685492,176,6,9,63,10.5,17,0,0,0,0,0,0,10,6.3,0.6,"0.0%",0.666666666666667
"Tyrie Cleveland",2021,"Broncos","$43,333",43333,232,0,1,0,0,0,0,0,0,0,0,0,4,0,0,"0.0%",0
"Tyrie Cleveland",2022,"Broncos","$92,000",92000,182,2,7,28,14,16,0,0,0,0,0,0,5,2.8,0.6,"0.0%",0.285714285714286
"Tyrie Cleveland",2022,"Eagles","$0",0,182,2,7,28,14,16,0,0,0,0,0,0,5,2.8,0.6,"0.0%",0.285714285714286
"Van Jefferson",2020,"Rams","$1,020,207",2250828,122,19,31,220,11.6,31,2,1,1,-1,0,0,16,27.9,1.7,"0.9%",0.612903225806452
"Van Jefferson",2021,"Rams","$1,275,259",865052,31,50,89,802,16,79,12,6,2,20,0,0,17,118.2,7,"0.9%",0.561797752808989
"Van Jefferson",2022,"Rams","$1,530,311",1120104,83,24,44,369,15.4,39,7,3,0,0,0,0,10,54.9,5.5,"0.9%",0.545454545454545
"Van Jefferson",2023,"Falcons","$993,168",996168,132,20,43,209,10.5,46,1,0,1,4,0,0,17,21.3,1.3,"0.9%",0.465116279069767
"Velus Jones Jr.",2022,"Bears","$982,895",1816580,122,7,14,107,15.3,44,2,1,9,103,1,3,11,27,2.5,"0.1%",0.5
"Velus Jones Jr.",2023,"Bears","$1,228,619",950724,170,4,7,20,5,11,0,0,8,51,0,0,14,7.1,0.5,"0.1%",0.571428571428571
"Vyncint Smith",2020,"Jets","$654,412",654412,205,1,3,13,13,13,0,0,0,0,0,0,7,1.3,0.2,"0.0%",0.333333333333333
"Vyncint Smith",2021,"Jets","$326,222",326222,257,0,1,0,0,0,0,0,0,0,0,0,1,0,0,"0.0%",0
"Wan'Dale Robinson",2022,"Giants","$1,488,212",3837848,118,23,31,227,9.9,19,0,1,2,-1,0,0,6,28.6,4.8,"53.3%",0.741935483870968
"Wan'Dale Robinson",2023,"Giants","$1,860,265",1077053,61,60,78,525,8.8,33,7,1,9,87,1,0,15,73.2,4.9,"53.3%",0.769230769230769
"Xavier Gipson",2023,"Jets","$755,000",765000,98,21,38,229,10.9,36,4,0,8,68,1,2,17,37.7,2.2,"0.7%",0.552631578947368
"Xavier Hutchinson",2023,"Texans","$790,925",913700,151,8,19,90,11.3,34,1,0,5,49,0,0,15,13.9,0.9,"2.5%",0.421052631578947
"Zach Pascal",2020,"Colts","$750,000",750000,54,44,71,629,14.3,42,13,5,0,0,0,0,16,92.9,5.8,"0.0%",0.619718309859155
"Zach Pascal",2021,"Colts","$3,384,000",3384000,82,38,69,384,10.1,41,5,3,2,21,0,1,16,56.5,3.5,"0.0%",0.550724637681159
"Zach Pascal",2022,"Eagles","$1,500,000",1500000,133,15,19,150,10,34,2,1,1,0,0,0,15,21,1.4,"0.0%",0.789473684210526
"Zach Pascal",2023,"Cardinals","$1,830,000",2580000,190,4,15,19,4.8,9,0,0,0,0,0,0,14,1.9,0.1,"0.0%",0.266666666666667
"Zay Flowers",2023,"Ravens","$2,552,080",7958320,29,77,108,858,11.1,75,12,5,8,56,1,0,16,129.4,8.1,"95.9%",0.712962962962963
"Zay Jones",2020,"Raiders","$1,389,519",1389519,130,14,20,154,11,37,1,1,0,0,0,0,16,22.6,1.4,"1.6%",0.7
"Zay Jones",2021,"Raiders","$2,500,000",2500000,76,47,70,546,11.6,43,8,1,2,3,0,1,15,58.9,3.9,"1.6%",0.671428571428571
"Zay Jones",2022,"Jaguars","$4,303,921",8720588,29,82,121,823,10,59,7,5,4,18,0,0,16,116.1,7.3,"1.6%",0.677685950413223
"Zay Jones",2023,"Jaguars","$5,817,921",7764706,91,34,64,321,9.4,36,3,2,0,0,0,0,9,44.1,4.9,"1.6%",0.53125
